Gene_set,Term,Overlap,P-value,Adjusted P-value,Old P-value,Old Adjusted P-value,Odds Ratio,Combined Score,Genes
KEGG_2021_Human,Allograft rejection,29/38,4.46808036581763e-06,0.0011031041013568,0,0,4.935292045374481,60.79565016590068,CD86;CD40;CD80;PRF1;FASLG;HLA-DMA;HLA-DMB;IL12B;HLA-DOA;HLA-DOB;HLA-DQA2;HLA-DQA1;HLA-DPA1;IL10;HLA-DRB5;HLA-B;GZMB;HLA-C;HLA-A;HLA-F;IL2;CD40LG;IFNG;CD28;HLA-DPB1;FAS;HLA-DRA;HLA-DRB1;HLA-DQB1
KEGG_2021_Human,Graft-versus-host disease,31/42,6.937761643753559e-06,0.0011031041013568,0,0,4.316826773378848,51.2775622256638,CD86;CD80;PRF1;FASLG;KIR2DL1;KIR2DL3;HLA-DMA;HLA-DMB;KLRC1;HLA-DOA;HLA-DOB;HLA-DQA2;HLA-DQA1;HLA-DPA1;HLA-DRB5;HLA-B;GZMB;HLA-C;KIR3DL1;HLA-A;KIR3DL2;HLA-F;IL2;IFNG;CD28;HLA-DPB1;FAS;HLA-DRA;KLRD1;HLA-DRB1;HLA-DQB1
KEGG_2021_Human,Intestinal immune network for IgA production,34/48,1.1177300578927576e-05,0.0011847938613663,0,0,3.720522117476432,42.42000010945702,CD86;CD40;TNFRSF13B;CD80;CXCR4;TNFRSF13C;TNFSF13B;HLA-DMA;HLA-DMB;TNFRSF17;ITGB7;HLA-DOA;ICOS;HLA-DOB;HLA-DQA2;CCR10;HLA-DQA1;HLA-DPA1;CCL25;IL10;HLA-DRB5;ITGA4;IL15;AICDA;IL2;CD40LG;CXCL12;CD28;HLA-DPB1;HLA-DRA;LTBR;CCL28;HLA-DRB1;HLA-DQB1
KEGG_2021_Human,Cell adhesion molecules,84/148,1.651714071006279e-05,0.0013131126864499,0,0,2.015181992337165,22.18939438697969,CD86;CNTNAP2;CD40;ITGAM;CD80;ITGB2;LRRC4;ICAM3;ITGAL;CLDN1;CLDN22;SPN;CDH4;CLDN20;CDH3;CDH2;MPZ;CLDN23;CTLA4;ITGB8;NRCAM;ITGB7;HLA-DOA;HLA-DOB;CD34;HLA-DPA1;ITGA4;HLA-B;HLA-C;HLA-A;PDCD1LG2;HLA-F;CLDN11;CLDN5;CLDN10;CD8B;CD8A;CLDN9;CLDN8;CLDN7;CD226;HLA-DQB1;CD274;NLGN1;NLGN2;SELPLG;SDC2;NRXN1;SDC3;NRXN3;NRXN2;VTCN1;HLA-DMA;HLA-DMB;NCAM1;ICOS;TIGIT;HLA-DQA2;CD99;HLA-DQA1;JAM2;LRRC4B;NTNG2;CADM3;HLA-DRB5;VCAM1;NEGR1;IGSF11;CD2;CD4;NFASC;PTPRC;CD40LG;SELL;CD6;CD28;CNTN1;HLA-DPB1;HLA-DRA;ESAM;PDCD1;CD22;HLA-DRB1;NECTIN1
KEGG_2021_Human,Hematopoietic cell lineage,59/99,4.29266284428256e-05,0.0027301335689637,0,0,2.261979630808402,22.746508369295583,CSF3;ITGAM;TFRC;CD3G;CD3E;CD3D;ANPEP;CD38;CD37;CD36;HLA-DOA;HLA-DOB;IL6R;CD34;HLA-DPA1;CR2;CR1;ITGA4;MME;IL11RA;GP1BB;ITGA2;GP1BA;FCER2;CD8B;CD8A;KIT;MS4A1;IL9R;HLA-DQB1;CD1E;CD1D;CD1B;CSF2RA;CD1A;HLA-DMA;HLA-DMB;THPO;CD19;CD59;FCGR1A;HLA-DQA2;HLA-DQA1;CD55;HLA-DRB5;GP5;EPOR;CD2;CD4;CD5;CR1L;IL2RA;CD7;HLA-DPB1;HLA-DRA;CD24;IL7R;CD22;HLA-DRB1
KEGG_2021_Human,Type I diabetes mellitus,29/43,0.00019946644812474744,0.0105717217506116,0,0,3.171374218679228,27.019678671426508,CD86;CD80;PRF1;FASLG;HLA-DMA;HLA-DMB;IL12B;HLA-DOA;HLA-DOB;HLA-DQA2;HLA-DQA1;HLA-DPA1;HLA-DRB5;GAD1;HLA-B;GZMB;HLA-C;HLA-A;HLA-F;IL2;IFNG;CD28;HLA-DPB1;LTA;CPE;FAS;HLA-DRA;HLA-DRB1;HLA-DQB1
KEGG_2021_Human,Primary immunodeficiency,26/38,0.00029906137106357097,0.0135859308568879,0,0,3.316472278566599,26.91271404239508,CD40;CIITA;TNFRSF13B;TNFRSF13C;CD3E;IL2RG;CD3D;CD79A;CD19;BLNK;ICOS;JAK3;TAP2;TAP1;AICDA;ZAP70;CD4;CD40LG;PTPRC;CD8B;CD8A;LCK;RFX5;BTK;IL7R;ADA
KEGG_2021_Human,Viral protein interaction with cytokine and cytokine receptor,56/100,0.0006300077566432462,0.025042808326569,0,0,1.9503921886207456,14.373958274954886,CXCL9;CCL4L2;IL24;CXCL13;CXCL3;CXCL14;CXCL2;CX3CL1;IL18RAP;CCR8;CCR7;CCR6;CCR5;IL6R;CCR4;CCR3;PF4V1;CCR2;IL10;IL18;IL19;TNFRSF1A;LTA;XCL2;XCL1;IL6ST;CCL14;CCL11;CCL3L3;IL20RA;CXCR4;IL2RG;CCL5;CXCR3;CCL4;CCL19;CCR10;CCR1;CCL25;CCL24;XCR1;IL10RA;IL34;TNFRSF10A;IL2;IL22RA1;CXCL10;CXCL11;CXCL12;IL2RA;IL2RB;ACKR4;ACKR3;LTBR;CCL28;IL18R1
KEGG_2021_Human,Viral myocarditis,35/60,0.0024876193810864,0.0878958847983894,0,0,2.143089224520878,12.850882584855484,CD86;CD40;LAMA1;CD80;ITGB2;PRF1;ITGAL;HLA-DMA;CASP8;HLA-DMB;SGCA;RAC2;RAC3;DMD;HLA-DOA;HLA-DOB;HLA-DQA2;SGCG;CD55;HLA-DQA1;HLA-DPA1;HLA-DRB5;CXADR;CAV1;HLA-B;HLA-C;HLA-A;HLA-F;CD40LG;CD28;HLA-DPB1;HLA-DRA;MYH6;HLA-DRB1;HLA-DQB1
KEGG_2021_Human,Autoimmune thyroid disease,31/53,0.0040631881761336,0.1292093840010485,0,0,2.156447130188092,11.872939327034574,CD86;CD40;CD80;PRF1;FASLG;HLA-DMA;TPO;HLA-DMB;CTLA4;HLA-DOA;HLA-DOB;HLA-DQA2;HLA-DQA1;HLA-DPA1;IL10;HLA-DRB5;HLA-B;HLA-C;GZMB;HLA-A;HLA-F;IL2;TSHR;CD40LG;TG;CD28;HLA-DPB1;FAS;HLA-DRA;HLA-DRB1;HLA-DQB1
KEGG_2021_Human,Antigen processing and presentation,42/78,0.0073261468628225,0.2117922456706878,0,0,1.785865514905149,8.779860574682957,CIITA;HSP90AB1;KIR2DL1;IFI30;KIR2DL3;CTSS;KIR2DL4;HLA-DMA;HLA-DMB;KLRC1;HLA-DOA;B2M;HLA-DOB;HLA-DQA2;HLA-DQA1;HLA-DPA1;CD74;HLA-DRB5;KLRC2;KLRC3;KLRC4;KIR2DS4;HLA-B;TAP2;HLA-C;TAP1;KIR3DL1;HLA-A;KIR3DL2;HLA-F;CD4;CD8B;IFNG;CD8A;PSME3;RFX5;HLA-DPB1;HLA-DRA;KLRD1;HLA-DRB1;HLA-DQB1;LGMN
KEGG_2021_Human,Cytokine-cytokine receptor interaction,133/295,0.0298806963982488,0.7918384545535943,0,0,1.2581232219667724,4.416695182475239,CNTFR;CNTF;CSF3;CCL4L2;CXCL17;MPL;CXCL13;CXCL14;IL18RAP;LEPR;IL12B;TNFSF11;IL6R;IL11RA;LIFR;IL23A;IL6ST;CCL3L3;IL20RA;CSF2RB;TNFRSF11A;CSF2RA;THPO;TNFRSF17;IL36RN;CCR10;CCR1;TNFSF18;NGFR;XCR1;TSLP;TNFSF15;TNFSF12;TNFRSF9;IL31RA;GDF1;INHBB;TNFRSF10A;INHBA;GDF6;GDF5;BMP7;IL2;BMP5;INHBE;IL22RA1;BMP4;CXCL10;CXCL11;CXCL12;TNFSF4;CD27;TNFSF8;BMPR1B;IL7R;IL21;CD40;BMP10;CXCL9;EDA;TNFRSF13B;IL26;IL24;FASLG;TNFRSF13C;CXCL3;CXCL2;CX3CL1;TNFSF13B;GHR;CCR8;CCR7;CCR6;CCR5;CCR4;CCR3;PF4V1;CCR2;IL10;TNFRSF12A;IL15;TNFRSF19;IL18;IL19;IL16;TNFRSF1A;IFNG;LTA;XCL2;XCL1;LTB;IL9R;TNFRSF21;CCL14;CCL11;CTF1;CXCR4;CXCR6;IL2RG;IFNL2;ACVR1C;IFNL1;CXCR3;CCL5;CCL4;IL21R;CCL19;IL12RB1;RELT;IFNL3;IL12RB2;CCL25;GDF10;IL32;CCL24;IL10RA;IL34;ACVR2B;EPOR;CD4;CD40LG;IL2RA;LEP;IL2RB;ACKR4;FAS;ACKR3;LTBR;IL17D;INHA;CCL28;IL17B;IL18R1
KEGG_2021_Human,Asthma,17/31,0.0612502057788393,0.9999964758714786,0,0,1.856256444581125,5.184130853116793,IL10;CD40;HLA-DRB5;CCL11;PRG2;HLA-DMA;HLA-DMB;CD40LG;HLA-DPB1;HLA-DRA;HLA-DOA;HLA-DOB;HLA-DQA2;HLA-DQA1;HLA-DRB1;HLA-DPA1;HLA-DQB1
KEGG_2021_Human,Inflammatory bowel disease,32/65,0.0720525812338522,0.9999964758714786,0,0,1.482841610727934,3.9004059714754566,IL21;RORC;NOD2;IL2RG;HLA-DMA;IL18RAP;HLA-DMB;TBX21;IL21R;STAT4;IL12B;HLA-DOA;IL12RB1;HLA-DOB;HLA-DQA2;HLA-DQA1;HLA-DPA1;IL12RB2;IL10;HLA-DRB5;JUN;STAT1;IL18;FOXP3;IL2;IFNG;IL23A;HLA-DPB1;HLA-DRA;HLA-DRB1;IL18R1;HLA-DQB1
KEGG_2021_Human,Tyrosine metabolism,18/36,0.1338411435792465,0.9999964758714786,0,0,1.5283687943262412,3.0737050468178544,AOC3;DDC;AOC2;ADH1C;ADH1B;MAOA;ADH1A;TYRP1;DBH;FAH;ADH6;GSTZ1;ADH4;IL4I1;ALDH3A1;TPO;AOX1;HPD
KEGG_2021_Human,Rheumatoid arthritis,42/93,0.1588817749757144,0.9999964758714786,0,0,1.2590417264466762,2.316126747604885,CD86;ATP6V1A;CD80;CCL3L3;ITGB2;TNFRSF11A;CXCL3;ITGAL;CXCL2;TNFSF13B;HLA-DMA;HLA-DMB;CTSK;CCL5;CTLA4;TNFSF11;HLA-DOA;ATP6V0E2;HLA-DOB;HLA-DQA2;ATP6V1C1;HLA-DQA1;HLA-DPA1;HLA-DRB5;JUN;ATP6V1G2;ANGPT1;IL15;MMP1;IL18;FOS;CXCL12;IFNG;IL23A;ATP6V1B2;CD28;HLA-DPB1;HLA-DRA;LTB;HLA-DRB1;ATP6V1B1;HLA-DQB1
KEGG_2021_Human,Protein digestion and absorption,46/103,0.1688458352276837,0.9999964758714786,0,0,1.2338096130004728,2.1946625357650227,COL17A1;PRSS1;COL16A1;CPB1;COL13A1;COL14A1;COL11A1;SLC1A1;COL11A2;ATP1A3;ATP1A2;SLC8A1;COL19A1;SLC8A2;DPP4;COL10A1;KCNN4;COL28A1;SLC36A1;CPA1;COL27A1;COL24A1;MME;COL25A1;COL22A1;COL23A1;ATP1B2;PGA3;PGA5;PGA4;ACE2;SLC9A3;SLC7A7;SLC7A8;MEP1A;XPNPEP2;COL4A4;KCNQ1;COL7A1;COL4A3;COL9A1;COL21A1;COL9A3;COL6A6;COL9A2;COL6A5
KEGG_2021_Human,Caffeine metabolism,4/6,0.1732738784099718,0.9999964758714786,0,0,3.055372945638432,5.355707702223229,CYP2A7;CYP2A6;NAT1;XDH
KEGG_2021_Human,Phenylalanine metabolism,9/17,0.188631544687291,0.9999964758714786,0,0,1.7188804554079695,2.867023269742841,AOC3;ALDH3A1;IL4I1;DDC;AOC2;MAOA;PAH;GLYAT;HPD
KEGG_2021_Human,Th1 and Th2 cell differentiation,41/92,0.1902926221506145,0.9999964758714786,0,0,1.2289084311484024,2.038995375647141,CD3G;CD3E;IL2RG;CD3D;DLL1;DLL4;HLA-DMA;HLA-DMB;TBX21;STAT4;IL12B;HLA-DOA;JAK2;IL12RB1;HLA-DOB;JAK3;HLA-DQA2;HLA-DQA1;HLA-DPA1;IL12RB2;JAG2;HLA-DRB5;JUN;STAT1;NFATC2;FOS;RUNX3;IL2;MAPK10;ZAP70;CD4;IFNG;LCK;IL2RA;IL2RB;HLA-DPB1;HLA-DRA;PRKCQ;CD247;HLA-DRB1;HLA-DQB1
KEGG_2021_Human,Th17 cell differentiation,46/107,0.2642506076680253,0.9999964758714786,0,0,1.1525206897413889,1.5338406363162378,IL21;HSP90AB1;RORC;CD3G;CD3E;IL2RG;HIF1A;CD3D;HLA-DMA;HLA-DMB;TBX21;IL21R;HLA-DOA;JAK2;IL12RB1;HLA-DOB;IL6R;HLA-DQA2;JAK3;RXRG;HLA-DQA1;HLA-DPA1;HLA-DRB5;JUN;STAT1;NFATC2;FOS;FOXP3;IL2;MAPK10;ZAP70;CD4;IFNG;IL23A;IRF4;LCK;IL2RA;IL2RB;HLA-DPB1;HLA-DRA;PRKCQ;CD247;IL6ST;IL17D;HLA-DRB1;HLA-DQB1
KEGG_2021_Human,Glutathione metabolism,25/57,0.2967139518156145,0.9999964758714786,0,0,1.1937111801242235,1.4503432426858027,GSTP1;MGST3;MGST1;SRM;HPGDS;ANPEP;CHAC2;CHAC1;GGT1;GSTT2B;GGT5;GSTM4;GSTM3;GPX2;GSTM2;GGT6;GSTM1;RRM2;GPX4;GPX3;GSR;RRM2B;GSTA1;LAP3;GSTM5
KEGG_2021_Human,Sulfur relay system,4/8,0.3959318280140289,0.9999964758714786,0,0,1.527433628318584,1.4151874707352727,MPST;CTU1;MOCS3;TST
KEGG_2021_Human,Leishmaniasis,32/77,0.402012789008758,0.9999964758714786,0,0,1.08633454565959,0.9899455777562036,ITGAM;NCF1;ITGB2;FCGR3A;HLA-DMA;FCGR3B;HLA-DMB;IL12B;HLA-DOA;JAK2;FCGR1A;HLA-DOB;HLA-DQA2;HLA-DQA1;HLA-DPA1;IL10;HLA-DRB5;JUN;CR1;ITGA4;PRKCB;STAT1;CYBB;FOS;IFNG;CR1L;EEF1A2;HLA-DPB1;HLA-DRA;PTPN6;HLA-DRB1;HLA-DQB1
KEGG_2021_Human,Staphylococcus aureus infection,39/95,0.4215556365624064,0.9999964758714786,0,0,1.0638775510204082,0.9189811666772024,CFD;ITGAM;SELPLG;ITGB2;PTAFR;FPR1;KRT23;DEFB1;FPR3;FPR2;ITGAL;FCAR;KRT40;C2;FCGR3A;HLA-DMA;FCGR3B;HLA-DMB;HLA-DOA;FCGR1A;HLA-DOB;HLA-DQA2;CAMP;HLA-DQA1;HLA-DPA1;IL10;HLA-DRB5;KRT32;KRT31;KRT17;KRT16;KRT37;KRT15;KRT14;HLA-DPB1;HLA-DRA;MASP1;HLA-DRB1;HLA-DQB1
KEGG_2021_Human,Salivary secretion,38/93,0.4380850209365945,0.9999964758714786,0,0,1.0553996029364237,0.8710659100768355,AMY2A;CALML5;AMY2B;CALML6;ADCY4;ATP1A3;ADRA1D;CALML3;ADCY2;ADRB1;ATP1A2;AQP5;ADRA1B;ADCY8;ADRA1A;ADCY7;CST4;SLC9A1;CST3;CST1;DMBT1;CD38;PRKG2;NOS1;KCNN4;CAMP;PRKCG;SLC12A2;AMY1A;PRKCB;AMY1B;AMY1C;ATP1B2;LYZ;BST1;TRPV6;PLCB2;VAMP2
KEGG_2021_Human,Natural killer cell mediated cytotoxicity,53/131,0.4502951860158562,0.9999964758714786,0,0,1.0379445428421386,0.8281260695552984,ITGB2;PRF1;PIK3CD;FASLG;ITGAL;FCGR3A;FCGR3B;RAC2;RAC3;HRAS;PRKCG;SYK;PRKCB;HLA-B;HLA-C;HLA-A;VAV1;NCR1;ZAP70;NCR3;IFNG;LCK;CD48;LCP2;SHC2;SHC3;KIR2DL1;KIR2DL3;NRAS;KLRK1;KLRC4-KLRK1;PLCG2;PTK2B;KLRC1;MICB;KLRC2;KLRC3;KIR2DS4;SH2D1A;SH2D1B;NFATC2;GZMB;TNFRSF10A;KIR3DL1;PTPN11;KIR3DL2;RAET1G;FAS;KLRD1;PTPN6;CD247;CD244;ULBP3
KEGG_2021_Human,Taurine and hypotaurine metabolism,5/11,0.4553594842482373,0.9999964758714786,0,0,1.2728115648838876,1.001280251211965,GGT5;GGT6;GAD1;CDO1;GGT1
KEGG_2021_Human,Metabolism of xenobiotics by cytochrome P450,31/76,0.4568893970570221,0.9999964758714786,0,0,1.0522530903350389,0.8242445108563268,ADH1C;ADH1B;ADH1A;GSTP1;MGST3;MGST1;UGT2B28;ADH6;HSD11B1;ADH4;AKR7A2;HPGDS;AKR7A3;GSTT2B;CBR3;GSTM4;GSTM3;GSTM2;UGT2B11;GSTM1;AKR1C1;EPHX1;HSD11B1L;UGT2B17;AKR7L;ALDH3A1;CYP2A7;CYP2A6;GSTA1;UGT2B7;GSTM5
KEGG_2021_Human,African trypanosomiasis,15/37,0.5141658937467501,0.9999964758714786,0,0,1.0413285916514172,0.6927014792669441,IL10;PRKCG;VCAM1;PRKCB;IL18;FASLG;HPR;IFNG;IL12B;F2RL1;FAS;APOL1;IDO2;PLCB2;IDO1
KEGG_2021_Human,ECM-receptor interaction,35/88,0.524978902472738,0.9999964758714786,0,0,1.0085443272898822,0.6499031435710069,TNXB;ITGB5;LAMC3;LAMA1;LAMA3;LAMC2;HMMR;SV2C;IBSP;ITGB8;TNR;ITGB7;CD36;ITGB6;ITGA4;LAMB3;GP1BB;LAMB2;ITGA2;LAMB4;FN1;GP1BA;GP5;COL4A4;ITGA10;COL4A3;ITGA11;COL9A1;ITGA7;COL6A6;COL9A3;COL6A5;COL9A2;AGRN;FREM2
KEGG_2021_Human,NF-kappa B signaling pathway,41/104,0.5494611622071759,0.9999964758714786,0,0,0.993838697255438,0.5951276920862291,CD40;EDA;BCL2A1;CCL4L2;TNFAIP3;TNFRSF11A;TNFRSF13C;CXCL3;CXCL2;TNFSF13B;CCL4;PLCG2;BLNK;TNFSF11;LBP;CCL19;EDARADD;CARD10;TICAM2;VCAM1;PARP1;SYK;PRKCB;GADD45A;CSNK2A3;TRAF1;TNFRSF1A;CYLD;ZAP70;CXCL12;CD40LG;LCK;TRAF5;BTK;LTA;PRKCQ;ATM;LTB;LTBR;CARD11;BIRC3
KEGG_2021_Human,Renin-angiotensin system,9/23,0.5953554149002563,0.9999964758714786,0,0,0.9817294659799404,0.5091216768650205,ACE2;ACE;KLK1;MME;CMA1;ANPEP;LNPEP;KLK2;AGT
KEGG_2021_Human,Leukocyte transendothelial migration,44/114,0.6190497671596522,0.9999964758714786,0,0,0.959709566164458,0.4602475425898337,ITK;ITGAM;NCF1;TXK;ITGB2;PIK3CD;CXCR4;ITGAL;CLDN1;GNAI1;RAP1B;CLDN22;CLDN20;RASSF5;CLDN23;PLCG2;RAC2;PTK2B;CD99;JAM2;PRKCG;VCAM1;ITGA4;PRKCB;ACTN1;MMP2;CYBB;MSN;RHOH;PTPN11;MMP9;PTK2;VAV1;CLDN11;CLDN5;CLDN10;MYL7;CXCL12;CLDN9;CLDN8;CLDN7;ESAM;MYL9;RAPGEF4
KEGG_2021_Human,Regulation of lipolysis in adipocytes,21/55,0.6330368908156345,0.9999964758714786,0,0,0.9430992465401212,0.4312100423478036,IRS1;NPR1;PDE3B;IRS4;ADCY4;AQP7;PIK3CD;IRS2;ADCY2;ADRB1;ADCY8;ADCY7;GNAI1;TSHR;LIPE;FABP4;ADORA1;PRKG2;PLIN1;MGLL;PNPLA2
KEGG_2021_Human,B cell receptor signaling pathway,31/81,0.6353397757606001,0.9999964758714786,0,0,0.9466345300012684,0.4293890145736393,CD81;PIK3CD;DAPP1;LILRA2;LILRA4;RASGRP3;CD79B;CD79A;NRAS;CD19;INPP5D;BLNK;RAC2;PLCG2;RAC3;HRAS;CR2;JUN;CD72;SYK;PRKCB;NFATC2;LILRB1;FOS;LILRB4;VAV1;BTK;PTPN6;PIK3AP1;CARD11;CD22
KEGG_2021_Human,"Alanine, aspartate and glutamate metabolism",14/37,0.6454296805613349,0.9999964758714786,0,0,0.9294551458447992,0.406951723282117,GAD1;DDO;ASS1;GLS;ALDH4A1;IL4I1;GLUD2;ALDH5A1;FOLH1;CPS1;PPAT;ADSS1;RIMKLA;ASPA
KEGG_2021_Human,D-Glutamine and D-glutamate metabolism,2/5,0.6555945412509909,0.9999964758714786,0,0,1.0181159420289856,0.4298615403445618,GLUD2;GLS
KEGG_2021_Human,"Neomycin, kanamycin and gentamicin biosynthesis",2/5,0.6555945412509909,0.9999964758714786,0,0,1.0181159420289856,0.4298615403445618,HKDC1;GCK
KEGG_2021_Human,JAK-STAT signaling pathway,62/162,0.6610153287479852,0.9999964758714786,0,0,0.9464238410596026,0.3917988846854495,IL21;CNTFR;CNTF;CSF3;FHL1;IL24;MPL;PIK3CD;GHR;MYC;LEPR;IL12B;AOX1;JAK2;IL6R;HRAS;JAK3;PDGFRB;IL10;IL11RA;IL15;IL19;LIFR;PIAS1;IFNG;IL23A;IL6ST;IL9R;IRF9;CTF1;IL20RA;PDGFA;CSF2RB;IL2RG;CSF2RA;EGFR;IL22RA2;SOCS2;IFNL2;IFNL1;THPO;IL21R;STAT4;IL12RB1;IFNL3;IL12RB2;TSLP;EGF;STAT1;IL10RA;STAT2;PTPN11;IL2;EPOR;GFAP;IL22RA1;IL2RA;LEP;IL2RB;PTPN6;IL7R;IL17D
KEGG_2021_Human,Nicotine addiction,15/40,0.6626650279059442,0.9999964758714786,0,0,0.9161412837067984,0.3769789947472292,GRIA1;GABRQ;GABRB2;GRIA2;GABRP;CHRNA6;GABRA3;GRIN2B;GRIN2D;GABRR2;GRIN3A;SLC17A7;GABRE;GRIA3;GRIA4
KEGG_2021_Human,Phagosome,58/152,0.6685138350700317,0.9999964758714786,0,0,0.9418685271049096,0.3792887482220906,ITGAM;NCF1;TFRC;ITGB5;ITGB2;CTSS;FCAR;FCGR3A;FCGR3B;LAMP1;OLR1;CD36;NOS1;HLA-DOA;HLA-DOB;HLA-DPA1;ATP6V1G2;ITGA2;SFTPD;HLA-B;TAP2;CYBB;HLA-C;TAP1;HLA-A;HLA-F;TUBB2B;TUBB2A;ATP6V1B2;TLR6;PLA2R1;ATP6V1B1;HLA-DQB1;ATP6V1A;COLEC11;SFTPA2;TUBAL3;CORO1A;HLA-DMA;TUBA3D;HLA-DMB;TUBA3C;CLEC7A;ATP6V0E2;FCGR1A;HLA-DQA2;RILP;ATP6V1C1;HLA-DQA1;DYNC1I1;MSR1;HLA-DRB5;TUBB4B;PIKFYVE;CD209;HLA-DPB1;HLA-DRA;HLA-DRB1
KEGG_2021_Human,Ferroptosis,15/41,0.7062202860433652,0.9999964758714786,0,0,0.8808320430044699,0.3063781097462855,PRNP;STEAP3;TFRC;GPX4;ALOX15;ACSL6;ACSL5;CYBB;SAT2;SLC7A11;CP;TF;FTMT;MAP1LC3C;FTH1
KEGG_2021_Human,Cocaine addiction,18/49,0.7070481496275087,0.9999964758714786,0,0,0.8864839690165702,0.3073054399905691,GRIA2;DDC;JUN;MAOA;GRIN2B;SLC6A3;GNAI1;GRIN2D;GRM3;GRIN3A;PPP1R1B;FOSB;DRD1;DRD2;RGS9;SLC18A1;CREB5;CDK5R1
KEGG_2021_Human,Nitrogen metabolism,6/17,0.7241515390551558,0.9999964758714786,0,0,0.8328734997930749,0.2688137536186836,GLUD2;CA3;CPS1;CA9;CA14;CA13
KEGG_2021_Human,Malaria,18/50,0.7438539924719746,0.9999964758714786,0,0,0.8587101063829787,0.2541013455952732,IL10;CD40;CSF3;CR1;VCAM1;CD81;SDC2;ITGB2;IL18;ITGAL;KLRK1;CD40LG;IFNG;CR1L;KLRC4-KLRK1;CD36;ACKR1;MET
KEGG_2021_Human,PPAR signaling pathway,27/74,0.7445466119369759,0.9999964758714786,0,0,0.8768887126405154,0.258664475000995,SLC27A1;AQP7;LPL;FADS2;ACADL;OLR1;ME3;CD36;HMGCS2;PCK1;PLTP;RXRG;GK;MMP1;ADIPOQ;ACSL6;ACSL5;SORBS1;FABP1;FABP4;FABP7;PLIN4;PLIN2;PPARG;ANGPTL4;PLIN1;PLIN5
KEGG_2021_Human,Chemokine signaling pathway,72/192,0.7455429213555729,0.9999964758714786,0,0,0.9155317521040552,0.2688390989088819,ITK;CXCL9;NCF1;CCL4L2;PIK3CD;CXCL13;CXCL3;CXCL14;CXCL2;CX3CL1;PIK3CG;GNGT2;RAC2;CCR8;RAC3;CCR7;CCR6;CCR5;JAK2;CCR4;HRAS;JAK3;CCR3;PF4V1;CCR2;PRKCB;VAV1;TIAM1;ELMO1;XCL2;XCL1;DOCK2;PLCB2;CCL14;SHC2;SHC3;CCL11;CCL3L3;ADCY4;WAS;CXCR4;ADCY2;CXCR6;FOXO3;RASGRP2;ADCY8;ADCY7;GNAI1;PIK3R5;RAP1B;NRAS;GRK4;CCL5;CXCR3;CCL4;PLCG2;PTK2B;CCL19;CCR10;CCR1;CCL25;CCL24;XCR1;STAT1;STAT2;GNG11;PTK2;CXCL10;CXCL11;CXCL12;GNB4;CCL28
KEGG_2021_Human,Tryptophan metabolism,15/42,0.7461843017001862,0.9999964758714786,0,0,0.8481383016134251,0.2483201846641214,DDC;AOC1;MAOA;AADAT;KMO;INMT;IL4I1;AANAT;ALDH2;TDO2;AFMID;AOX1;IDO2;ALDH7A1;IDO1
KEGG_2021_Human,Proximal tubule bicarbonate reclamation,8/23,0.7496587071707014,0.9999964758714786,0,0,0.8143013744835146,0.2346305449755337,SLC9A3;GLUD2;ATP1A3;ATP1A2;ATP1B2;PCK1;AQP1;GLS
KEGG_2021_Human,ABC transporters,16/45,0.7573455118798662,0.9999964758714786,0,0,0.8422560054487823,0.2340930184430719,ABCC4;ABCD2;ABCA6;ABCB5;ABCA4;ABCA9;TAP2;TAP1;DEFB1;ABCA8;ABCA12;ABCC11;ABCC12;ABCA10;ABCG1;ABCG2
KEGG_2021_Human,"Phenylalanine, tyrosine and tryptophan biosynthesis",2/6,0.7600105438970647,0.9999964758714786,0,0,0.7635237613751263,0.2095284599794722,IL4I1;PAH
KEGG_2021_Human,Phosphonate and phosphinate metabolism,2/6,0.7600105438970647,0.9999964758714786,0,0,0.7635237613751263,0.2095284599794722,PCYT1B;SELENOI
KEGG_2021_Human,Folate biosynthesis,9/26,0.7609586685748538,0.9999964758714786,0,0,0.8082821743498159,0.2208034808721862,QDPR;DHFR2;GCH1;PAH;AKR1C3;GGH;ALPL;PCBD1;MOCS1
KEGG_2021_Human,PD-L1 expression and PD-1 checkpoint pathway in cancer,32/89,0.7895020283645311,0.9999964758714786,0,0,0.8567778237779172,0.2025019028402965,ALK;CD274;PIK3CD;CD3G;CD3E;CD3D;HIF1A;RASGRP1;EGFR;NRAS;JAK2;HRAS;MAP2K3;BATF2;JUN;TICAM2;EGF;STAT1;CSNK2A3;NFATC2;PTPN11;FOS;EML4;ZAP70;CD4;IFNG;LCK;CD28;PRKCQ;PTPN6;CD247;PDCD1
KEGG_2021_Human,Retinol metabolism,24/68,0.8005911532398168,0.9999964758714786,0,0,0.8324922226062911,0.1851503350735624,UGT2B11;ADH1C;ADH1B;ADH1A;UGT2B17;UGT2B28;HSD17B6;DHRS3;ADH6;DHRS4;SDR16C5;ALDH1A3;CYP2A7;ADH4;CYP26A1;CYP2A6;CYP27C1;ALDH1A2;RDH16;AOX1;RDH5;LRAT;DHRS4L2;UGT2B7
KEGG_2021_Human,Pyruvate metabolism,16/47,0.8221053278861468,0.9999964758714786,0,0,0.7877862096569976,0.1543168850471222,ADH1C;PKLR;ADH1B;ADH1A;ACACB;ADH6;LDHC;ADH4;PC;ALDH2;LDHD;ME3;ME2;PCK1;ALDH7A1;LDHAL6A
KEGG_2021_Human,Starch and sucrose metabolism,12/36,0.8250339071597458,0.9999964758714786,0,0,0.7632245001265502,0.1467915740366666,MGAM;AMY2A;AMY2B;AMY1A;TREH;AMY1B;HKDC1;AMY1C;PYGL;GYG2;GANC;GCK
KEGG_2021_Human,Amphetamine addiction,24/69,0.8255672012256391,0.9999964758714786,0,0,0.8139247993240388,0.1560168595522601,PRKCG;GRIA1;GRIA2;DDC;JUN;CALML5;CALML6;PRKCB;MAOA;CALML3;FOS;GRIN2B;SLC6A3;GRIN2D;GRIN3A;CAMK4;PPP1R1B;FOSB;DRD1;SLC18A1;STX1A;GRIA3;CREB5;GRIA4
KEGG_2021_Human,Sulfur metabolism,3/10,0.825740611506326,0.9999964758714786,0,0,0.6543691424237499,0.1252950596108124,MPST;SELENBP1;TST
KEGG_2021_Human,Glycerolipid metabolism,21/61,0.829707380603371,0.9999964758714786,0,0,0.8012352717597871,0.1495763583165094,DGKG;DGKE;DGAT2;GK;DGKB;MOGAT2;DGKA;LPL;MBOAT2;AGPAT2;PLPP4;ALDH2;GPAM;PNPLA3;GPAT2;ALDH7A1;PLPP2;DGKI;MGLL;PNLIPRP3;PNPLA2
KEGG_2021_Human,Histidine metabolism,7/22,0.8315935980489835,0.9999964758714786,0,0,0.7124235909110072,0.1313790470257588,ALDH3A1;AOC1;ALDH2;MAOA;HDC;ALDH7A1;ASPA
KEGG_2021_Human,Endocrine and other factor-regulated calcium reabsorption,18/53,0.8354963959737183,0.9999964758714786,0,0,0.784910985670864,0.1410714585109891,PRKCG;KLK1;PRKCB;CLTC;CLTB;CLTA;ATP1A3;ATP1A2;PTH1R;ATP1B2;KLK2;SLC8A1;DNM1;SLC8A2;CALB1;CLTCL1;BDKRB2;PLCB2
KEGG_2021_Human,Synaptic vesicle cycle,27/78,0.8444399879866644,0.9999964758714786,0,0,0.8078446289128052,0.1365916684200217,ATP6V1A;CLTC;SLC1A1;CLTB;CLTA;SLC1A3;SLC6A2;SLC1A7;SLC6A3;SLC6A4;RIMS1;CLTCL1;SLC17A7;ATP6V0E2;SLC18A1;ATP6V1C1;NSF;UNC13C;ATP6V1G2;UNC13A;SYT1;SLC6A11;DNM1;ATP6V1B2;STX1A;VAMP2;ATP6V1B1
KEGG_2021_Human,Circadian rhythm,10/31,0.8455511264477713,0.9999964758714786,0,0,0.7268772893772893,0.1219457631334741,PER2;PER1;TPTEP2-CSNK1E;CRY2;BHLHE41;RORC;CSNK1E;CLOCK;NPAS2;PRKAG3
KEGG_2021_Human,Cell cycle,44/124,0.8475300101370138,0.9999964758714786,0,0,0.8390470139771283,0.1388027337836416,CDKN1C;PRKDC;BUB1B;TTK;CDC20;CCNB3;CCNB2;CCNB1;ORC6;CDC45;PTTG1;ORC1;MYC;RAD21;E2F1;E2F2;SFN;SKP2;E2F5;BUB1;GADD45A;PLK1;CDC7;CDC6;CDC25C;SMC1A;YWHAZ;CDC25A;CCNA2;RBL2;CCNA1;WEE1;CDK6;DBF4;RBL1;CCNE2;ESPL1;CDK1;MDM2;MCM4;ATM;MCM6;MCM2;MAD2L1
KEGG_2021_Human,Systemic lupus erythematosus,48/135,0.8522314536967416,0.9999964758714786,0,0,0.8416142805790088,0.1345717078439544,CD86;CD40;CD80;H2AC15;C2;H2AC11;H2AC13;FCGR3A;HLA-DMA;H2AC14;FCGR3B;HLA-DMB;H3C14;H2BC21;H3C10;HLA-DOA;FCGR1A;HLA-DOB;H3C4;HLA-DQA2;ELANE;HLA-DQA1;H3C6;HLA-DPA1;H4C8;IL10;H2BC9;H3C8;HLA-DRB5;H2BC7;H4C9;H2BC8;H2BC5;H2BC6;ACTN1;H2BC4;GRIN2B;H2BC18;CD40LG;H4C15;IFNG;H4C14;H2BC11;CD28;HLA-DPB1;HLA-DRA;HLA-DRB1;HLA-DQB1
KEGG_2021_Human,Aldosterone-regulated sodium reabsorption,12/37,0.8551292552742195,0.9999964758714786,0,0,0.7326347760060744,0.1146592807855394,PRKCG;HSD11B2;IRS1;PRKCB;SCNN1B;SCNN1A;ATP1A3;NEDD4L;PIK3CD;ATP1A2;SFN;ATP1B2
KEGG_2021_Human,Hypertrophic cardiomyopathy,31/90,0.8657681740453025,0.9999964758714786,0,0,0.8016327776786348,0.1155458284097603,RYR2;ITGB5;LAMA1;ATP2A3;PRKAG3;SLC8A1;SLC8A2;TTN;CACNG6;SGCA;LMNA;ITGB8;ITGB7;DMD;TNNI3;ITGB6;CACNG1;SGCG;EDN1;ACE;ITGA4;ITGA2;TPM2;TPM1;AGT;TNNT2;ITGA10;MYL3;ITGA11;ITGA7;MYH6
KEGG_2021_Human,Mineral absorption,20/60,0.8696030232965877,0.9999964758714786,0,0,0.7629845452242209,0.1066030306441851,MT1M;ATP1A3;CYBRD1;MT1X;ATP1A2;ATP1B2;SLC5A1;SLC8A1;SLC8A2;SLC9A3;MT2A;TF;MT1A;TRPV6;FTH1;MT1F;MT1G;SLC26A9;SLC26A3;MT1E
KEGG_2021_Human,Dilated cardiomyopathy,33/96,0.8750810717415076,0.9999964758714786,0,0,0.7991069540365315,0.1066318278669248,RYR2;ITGB5;LAMA1;ATP2A3;ADCY4;ADCY2;ADRB1;ADCY8;ADCY7;SLC8A1;SLC8A2;TTN;CACNG6;SGCA;LMNA;ITGB8;ITGB7;DMD;TNNI3;ITGB6;CACNG1;SGCG;ITGA4;ITGA2;TPM2;TPM1;AGT;TNNT2;ITGA10;MYL3;ITGA11;ITGA7;MYH6
KEGG_2021_Human,Homologous recombination,13/41,0.884238933070701,0.9999964758714786,0,0,0.7085631113602257,0.0871730787886226,BARD1;BLM;XRCC2;BRCA1;BRCA2;RAD54B;RAD51B;BRIP1;RAD51;ATM;NBN;TOPBP1;SYCP3
KEGG_2021_Human,Arachidonic acid metabolism,20/61,0.8890642782346541,0.9999964758714786,0,0,0.7443133716870485,0.0875206401692779,GGT5;GPX2;PLA2G4F;PLA2G2D;PTGIS;GPX3;EPHX2;ALOX15;CYP4F3;AKR1C3;PLA2G3;PLA2G5;LTC4S;CYP4F8;ALOX15B;PLB1;HPGDS;GGT1;PTGES;CBR3
KEGG_2021_Human,Rap1 signaling pathway,75/210,0.8891935806090878,0.9999964758714786,0,0,0.846975946478434,0.0994691229734559,ITGAM;CALML5;CALML6;ITGB2;PIK3CD;CALML3;FGF1;ITGAL;FGF2;FGF9;RASSF5;RAC2;RAC3;HRAS;PRKCG;MAGI1;MAP2K3;PDGFRB;PRKCB;ARAP3;VAV1;PGF;APBB1IP;TIAM1;MRAS;ADORA2A;KIT;LCP2;PRKD1;PLCB2;RAPGEF6;MET;SKAP1;EPHA2;RAPGEF4;FPR1;ADCY4;PDGFA;PARD6G;ADCY2;ADCY8;EFNA5;RASGRP2;ADCY7;EFNA4;EGFR;GNAI1;RAP1GAP;RASGRP3;RAP1B;NRAS;PARD6B;CNR1;PDGFD;DRD2;FGF22;NGFR;ANGPT4;FYB1;ANGPT1;EGF;VEGFB;VEGFC;VEGFD;GRIN2B;EFNA1;FGF17;FGF16;EFNA3;LPAR5;FGF19;ID1;FGFR2;FGF10;FGFR1
KEGG_2021_Human,Carbohydrate digestion and absorption,15/47,0.8907261814224942,0.9999964758714786,0,0,0.7153199772123053,0.0827755507499721,MGAM;AMY2A;AMY2B;AMY1A;PRKCB;AMY1B;AMY1C;ATP1A3;PIK3CD;ATP1A2;SLC5A1;ATP1B2;SLC2A5;HKDC1;PLCB2
KEGG_2021_Human,Vitamin digestion and absorption,7/24,0.8967423474242291,0.9999964758714786,0,0,0.6285048988610241,0.0684986725252884,FOLH1;SLC23A1;SLC19A3;LRAT;APOB;PLB1;SLC19A1
KEGG_2021_Human,Breast cancer,51/147,0.903663711782372,0.9999964758714786,0,0,0.8100836194836576,0.0820598407978178,PIK3CD;FZD10;BRCA1;FGF1;BRCA2;FGF2;FGF9;HEY1;MYC;HEY2;TNFSF11;HRAS;WNT5B;NCOA3;FOS;WNT16;KIT;SHC2;SHC3;NOTCH4;LEF1;DLL1;EGFR;DLL4;WNT6;NRAS;WNT11;E2F1;E2F2;HES1;WNT1;FGF22;WNT4;FZD1;JAG2;TCF7L2;JUN;TCF7L1;FZD4;GADD45A;WNT3A;EGF;FZD7;FZD6;ESR2;FGF17;FGF16;CDK6;FGF19;FGF10;FGFR1
KEGG_2021_Human,Toxoplasmosis,38/112,0.9077704642940028,0.9999964758714786,0,0,0.7831798278725653,0.0757833974632084,CD40;CIITA;LAMC3;LAMA1;LAMA3;LAMC2;PIK3CG;GNAI1;PIK3R5;HLA-DMA;CASP8;HLA-DMB;IL12B;HLA-DOA;CCR5;JAK2;HLA-DOB;HLA-DQA2;HLA-DQA1;HLA-DPA1;MAP2K3;IL10;HLA-DRB5;LAMB3;LAMB2;STAT1;IL10RA;LAMB4;IRGM;TNFRSF1A;MAPK10;CD40LG;IFNG;HLA-DPB1;HLA-DRA;HLA-DRB1;BIRC3;HLA-DQB1
KEGG_2021_Human,T cell receptor signaling pathway,35/104,0.9105408935229438,0.9999964758714786,0,0,0.773648903432533,0.0725036423639632,ITK;PIK3CD;CD3G;CD3E;RASGRP1;CD3D;NRAS;GRAP2;CTLA4;PAK6;ICOS;HRAS;PAK5;IL10;JUN;NFATC2;FOS;IL2;VAV1;MAPK10;ZAP70;CD4;PTPRC;CD40LG;CD8B;IFNG;CD8A;LCK;CD28;PRKCQ;LCP2;PTPN6;CD247;PDCD1;CARD11
KEGG_2021_Human,Gap junction,29/88,0.9176581208520602,0.9999964758714786,0,0,0.749724321012865,0.0644240921252551,TUBAL3;ADCY4;PDGFA;ADCY2;ADRB1;ADCY8;ADCY7;EGFR;GNAI1;NRAS;TUBA3D;MAPK7;TUBA3C;GNA11;PDGFD;PRKG2;DRD1;DRD2;HRAS;PDGFRB;PRKCG;MAP3K2;PRKCB;EGF;TUBB4B;TUBB2B;TUBB2A;CDK1;PLCB2
KEGG_2021_Human,Basal cell carcinoma,20/63,0.9210109480987152,0.9999964758714786,0,0,0.7095763046411464,0.0583863194079537,FZD1;TCF7L2;TCF7L1;WNT5B;FZD4;GADD45A;WNT3A;HHIP;FZD7;LEF1;FZD6;PTCH2;FZD10;WNT16;BMP4;WNT6;WNT11;SMO;WNT1;WNT4
KEGG_2021_Human,Arginine biosynthesis,6/22,0.9221526336070224,0.9999964758714786,0,0,0.5723634294385432,0.0463869210730025,ABHD14A-ACY1;GLUD2;CPS1;NOS1;ASS1;GLS
KEGG_2021_Human,Fat digestion and absorption,13/43,0.9227546089878772,0.9999964758714786,0,0,0.6612158798464329,0.0531564288242879,SLC27A1;PLA2G2D;DGAT2;MOGAT2;MTTP;PLA2G3;PLA2G5;AGPAT2;FABP1;NPC1L1;CD36;APOB;PLPP2
KEGG_2021_Human,Melanoma,23/72,0.92755077724304,0.9999964758714786,0,0,0.7160081622308029,0.0538493554490297,PDGFRB;EGF;GADD45A;PIK3CD;PDGFA;FGF1;FGF2;EGFR;FGF17;FGF16;NRAS;CDK6;FGF9;PDGFD;FGF19;E2F1;MDM2;E2F2;HRAS;MET;FGF22;FGF10;FGFR1
KEGG_2021_Human,Nicotinate and nicotinamide metabolism,10/35,0.936505877709544,0.9999964758714786,0,0,0.6103744939271255,0.0400402499355732,BST1;NNMT;NMRK2;NNT;SIRT4;AOX1;CD38;NT5M;NMNAT2;SIRT3
KEGG_2021_Human,Bladder cancer,12/41,0.936945303772786,0.9999964758714786,0,0,0.6313722409865682,0.0411215090664543,NRAS;DAPK1;EGF;MMP1;MYC;MMP2;E2F1;MDM2;E2F2;HRAS;MMP9;EGFR
KEGG_2021_Human,Central carbon metabolism in cancer,22/70,0.9372288732339846,0.9999964758714786,0,0,0.6991151376921777,0.0453220717481605,RET;PDGFRB;NTRK3;PIK3CD;HIF1A;EGFR;GCK;GLS;SIRT3;LDHC;SLC7A5;NRAS;MYC;HKDC1;KIT;HRAS;SLC16A3;MET;FGFR2;LDHAL6A;PDK1;FGFR1
KEGG_2021_Human,Other types of O-glycan biosynthesis,14/47,0.9383185256323076,0.9999964758714786,0,0,0.647265055619486,0.0412086527915484,B4GALT2;POMT2;GALNT14;ST6GAL1;ST6GAL2;GALNT16;GALNT3;GALNT17;C1GALT1;GXYLT1;GALNTL6;OGT;GALNT8;ST3GAL3
KEGG_2021_Human,Arginine and proline metabolism,15/50,0.9392307213470538,0.9999964758714786,0,0,0.6538440670609299,0.0409921786113379,AOC1;MAOA;SMOX;CKMT1A;SAT2;SRM;AGMAT;ALDH4A1;ALDH2;CKMT1B;NOS1;LAP3;CKB;PRODH;ALDH7A1
KEGG_2021_Human,Cholesterol metabolism,15/50,0.9392307213470538,0.9999964758714786,0,0,0.6538440670609299,0.0409921786113379,CETP;PCSK9;LCAT;LPL;LRP2;NCEH1;SOAT1;STAR;APOC2;ANGPTL8;APOC1;CD36;ANGPTL4;APOB;PLTP
KEGG_2021_Human,Glycosaminoglycan biosynthesis,16/53,0.9402476567952248,0.9999964758714786,0,0,0.6597085817141527,0.0406459478146301,B4GALT2;HS3ST3B1;CHST7;HS3ST3A1;CSGALNACT2;B3GALT6;HS6ST2;HS3ST2;NDST1;EXTL1;CHST11;CHST13;CHST4;ST3GAL1;CHST3;ST3GAL3
KEGG_2021_Human,Cortisol synthesis and secretion,20/65,0.9449234268871816,0.9999964758714786,0,0,0.6779269768882132,0.0384055018445114,ADCY4;ADCY2;NR0B1;ADCY8;ADCY7;AGT;CACNA1G;MRAP;NR5A1;CACNA1I;NR4A1;NCEH1;STAR;CYP21A2;CYP11A1;GNA11;PLCB2;KCNK2;KCNK3;CREB5
KEGG_2021_Human,Steroid biosynthesis,5/20,0.9449897519059128,0.9999964758714786,0,0,0.5087453112487883,0.0287854182162485,CYP27B1;SQLE;SOAT1;LBR;TM7SF2
KEGG_2021_Human,Pancreatic secretion,33/102,0.946218824589475,0.9999964758714786,0,0,0.7292552810005352,0.040314268238937,RYR2;PRSS1;CPB1;AMY2A;AMY2B;RAB3D;ATP2A3;ADCY4;PLA2G3;ATP1A3;ADCY2;ATP1A2;PLA2G5;ADCY8;ADCY7;SLC9A1;RAP1B;CLCA2;CD38;CLCA4;PRKCG;SLC12A2;CPA1;PLA2G2D;AMY1A;PRKCB;AMY1B;AMY1C;ATP1B2;BST1;KCNQ1;SLC26A3;PLCB2
KEGG_2021_Human,Axon guidance,62/182,0.9464218776323908,0.9999964758714786,0,0,0.7873705213109187,0.0433580143114084,ROBO3;LRRC4;PIK3CD;ROBO1;DPYSL2;BOC;RAC2;RAC3;EPHB2;EPHB1;HRAS;EPHB4;EPHB3;SEMA6C;EPHA7;SEMA6A;WNT5B;TRPC3;SEMA6D;UNC5C;RHOD;SMO;MYL9;MET;EPHA3;NGEF;EPHA2;SEMA7A;SEMA3A;SEMA3B;NTN4;SEMA3G;CXCR4;PARD6G;EFNA5;EFNA4;GNAI1;EFNB2;NRAS;PARD6B;EFNB3;ABLIM3;PLCG2;SLIT1;PAK6;SLIT3;PLXNA4;PAK5;WNT4;NTNG2;SEMA4D;NFATC2;PTPN11;SSH2;BMP7;PTK2;NFATC4;EFNA1;EFNA3;CXCL12;PLXNB3;BMPR1B
KEGG_2021_Human,Arrhythmogenic right ventricular cardiomyopathy,24/77,0.9499377664112084,0.9999964758714786,0,0,0.6906090824305904,0.0354688575923256,RYR2;TCF7L2;TCF7L1;ITGB5;ITGA4;LAMA1;ITGA2;LEF1;ATP2A3;SLC8A1;SLC8A2;CACNG6;CDH2;SGCA;ITGA10;LMNA;ITGA11;ITGB8;ITGA7;ITGB7;DMD;ITGB6;CACNG1;SGCG
KEGG_2021_Human,Mucin type O-glycan biosynthesis,10/36,0.9501393579006386,0.9999964758714786,0,0,0.5868498909996885,0.0300153840403807,GALNT14;ST6GALNAC1;GALNT16;GALNT3;GALNT17;C1GALT1;GCNT4;GALNTL6;ST3GAL1;GALNT8
KEGG_2021_Human,Synthesis and degradation of ketone bodies,2/10,0.9510202699287118,0.9999964758714786,0,0,0.3816354903943377,0.0191656970543974,BDH2;HMGCS2
KEGG_2021_Human,Circadian entrainment,31/97,0.9511318601185044,0.9999964758714786,0,0,0.7161940347275879,0.0358831631016485,GRIA1;RYR1;GRIA2;RYR2;ADCYAP1R1;CALML5;CALML6;ADCY4;CALML3;ADCY2;ADCY8;ADCY7;GNAI1;CACNA1G;CACNA1I;GNGT2;RASD1;PRKG2;NOS1;GRIA3;GRIA4;PRKCG;PRKCB;FOS;GNG11;GRIN2B;GRIN2D;PER2;PER1;GNB4;PLCB2
KEGG_2021_Human,Vitamin B6 metabolism,1/6,0.951324245544662,0.9999964758714786,0,0,0.3053456337672185,0.0152368455516688,AOX1
KEGG_2021_Human,Epstein-Barr virus infection,69/202,0.9518570010017412,0.9999964758714786,0,0,0.7904627726103021,0.039001800374552,CD40;PIK3CD;TNFAIP3;CD3G;CD3E;ITGAL;CD3D;TBK1;CASP8;MYC;BLNK;PSMD1;SKP2;HLA-DOA;B2M;IKBKE;JAK3;HLA-DOB;HLA-DPA1;MAP2K3;CR2;ENTPD3;SYK;HLA-B;TAP2;ENTPD8;HLA-C;TAP1;HLA-A;HLA-F;RUNX3;CCNA2;FCER2;CCNA1;CCNE2;OAS1;OAS2;OAS3;TRAF5;BTK;IRF9;HLA-DQB1;PSMD11;PSMD14;HLA-DMA;HLA-DMB;CD19;PLCG2;E2F1;E2F2;HES1;HLA-DQA2;HLA-DQA1;HLA-DRB5;JUN;GADD45A;STAT1;STAT2;EIF2AK2;MAPK10;CXCL10;CDK6;HLA-DPB1;MDM2;FAS;HLA-DRA;CD247;VIM;HLA-DRB1
KEGG_2021_Human,Ascorbate and aldarate metabolism,8/30,0.9520715170443624,0.9999964758714786,0,0,0.5548835176965711,0.0272531728141784,UGDH;UGT2B11;ALDH2;RGN;UGT2B28;UGT2B17;ALDH7A1;UGT2B7
KEGG_2021_Human,Collecting duct acid secretion,7/27,0.9538489867968928,0.9999964758714786,0,0,0.5340963703047932,0.0252360080057535,ATP6V1A;ATP6V1G2;CLCNKB;ATP6V1B2;ATP6V0E2;ATP6V1C1;ATP6V1B1
KEGG_2021_Human,Adipocytokine signaling pathway,21/69,0.9552494798724686,0.9999964758714786,0,0,0.6672526289116939,0.0305486517213745,IRS1;ADIPOQ;IRS4;ACSL6;ACSL5;IRS2;PTPN11;SLC2A4;ACACB;ADIPOR2;PRKAG3;TNFRSF1A;MAPK10;LEP;LEPR;PRKCQ;CD36;JAK2;PCK1;PPARGC1A;RXRG
KEGG_2021_Human,Choline metabolism in cancer,31/98,0.9583434816562024,0.9999964758714786,0,0,0.7054458772987782,0.0300160342132966,DGKG;SLC22A4;SLC44A5;DGKE;DGKB;DGKA;WAS;PDGFA;PIK3CD;HIF1A;EGFR;NRAS;PDGFD;RAC2;RAC3;WASF1;HRAS;WASF3;PDGFRB;PRKCG;JUN;LYPLA1;PCYT1B;PLA2G4F;PRKCB;EGF;FOS;MAPK10;SLC5A7;PLPP2;DGKI
KEGG_2021_Human,Type II diabetes mellitus,13/46,0.959944732406,0.9999964758714786,0,0,0.6009557670106968,0.0245668112939032,PKLR;IRS1;ADIPOQ;IRS4;PIK3CD;IRS2;SLC2A4;CACNA1E;GCK;CACNA1G;SOCS2;MAPK10;HKDC1
KEGG_2021_Human,"Glycine, serine and threonine metabolism",11/40,0.9604799544315662,0.9999964758714786,0,0,0.5786846548888026,0.0233338192496274,AOC3;AOC2;SDS;GLDC;MAOA;SHMT1;CHDH;PHGDH;ALDH7A1;GCAT;GNMT
KEGG_2021_Human,C-type lectin receptor signaling pathway,33/104,0.9605625526894624,0.9999964758714786,0,0,0.7085949270039729,0.0285111486097266,CALML5;CALML6;PIK3CD;CALML3;NRAS;CASP8;CLEC7A;PLCG2;IL12B;CLEC1B;HRAS;IKBKE;IL10;JUN;SYK;STAT1;STAT2;NFATC2;PTPN11;IL2;NFATC4;MAPK10;CYLD;CLEC4D;MRAS;IL23A;CD209;CLEC6A;IRF1;MDM2;CLEC4E;IL17D;IRF9
KEGG_2021_Human,Thyroid cancer,10/37,0.9611204289870784,0.9999964758714786,0,0,0.5650678512520618,0.0224080829493622,RET;TCF7L2;NRAS;TCF7L1;GADD45A;MYC;LEF1;PPARG;HRAS;RXRG
KEGG_2021_Human,Steroid hormone biosynthesis,18/61,0.9612509337995574,0.9999964758714786,0,0,0.6384569166607761,0.0252316811762038,DHRS11;UGT2B11;SRD5A2;AKR1C1;AKR1D1;AKR1C3;HSD11B1L;UGT2B17;UGT2B28;AKR1C2;HSD17B6;SULT2B1;HSD11B1;HSD11B2;STS;CYP21A2;CYP11A1;UGT2B7
KEGG_2021_Human,p53 signaling pathway,22/73,0.9636246137322868,0.9999964758714786,0,0,0.6578267394134542,0.0243747600987141,STEAP3;RRM2;GADD45A;TNFRSF10A;SERPINB5;TP53AIP1;CCNB2;CCNB1;CASP8;CDK6;TP53I3;CCNE2;RRM2B;PERP;ADGRB1;CDK1;MDM2;PMAIP1;FAS;SFN;ATM;GTSE1
KEGG_2021_Human,Fatty acid biosynthesis,4/18,0.9645466585994183,0.9999964758714786,0,0,0.4360484016615495,0.0157400704896287,ACSL6;ACSL5;ACACB;MCAT
KEGG_2021_Human,alpha-Linolenic acid metabolism,6/25,0.9677450850471012,0.9999964758714786,0,0,0.4818704576311796,0.0157988786610542,FADS2;PLA2G2D;PLA2G4F;PLA2G3;PLA2G5;PLB1
KEGG_2021_Human,Morphine addiction,28/91,0.9678840652729912,0.9999964758714786,0,0,0.6776002479781328,0.0221188819635389,GABRB2;PDE1C;PDE3B;ADCY4;ADCY2;ADCY8;ADCY7;GNAI1;GABRR2;PDE11A;GNGT2;GRK4;ADORA1;PDE4B;DRD1;GABRE;PRKCG;GABRQ;GABRP;GABBR1;PRKCB;PDE4C;GABRA3;PDE2A;OPRM1;GNG11;GNB4;PDE7A
KEGG_2021_Human,IL-17 signaling pathway,29/94,0.9686120697043912,0.9999964758714786,0,0,0.6801795034388567,0.0216916644758114,CSF3;CEBPB;HSP90AB1;CCL11;TRAF3IP2;TNFAIP3;CXCL3;CXCL2;CASP8;TBK1;MAPK7;IKBKE;MAPK4;JUN;JUND;MMP1;FOS;MMP9;FOSL1;MAPK10;CXCL10;MMP13;IFNG;TRAF5;LCN2;FOSB;IL17D;S100A9;IL17B
KEGG_2021_Human,Transcriptional misregulation in cancer,64/192,0.9688756588351014,0.9999964758714786,0,0,0.761656050955414,0.0240827983951001,CD86;CD40;ITGAM;SIX1;PLAT;BMI1;ELK4;HOXA10;HOXA9;HHEX;SIX4;MYC;ITGB7;H3C8;MEF2C;LMO2;PAX3;PAX5;TRAF1;WNT16;ETV4;MMP9;RUNX2;DUSP6;ETV5;CCNA2;ETV7;CCNA1;COMMD3-BMI1;PPARG;ERG;NUPR1;MET;BIRC3;CEBPB;BCL2A1;HPGD;PDGFA;TMPRSS2;H3C14;H3C10;PROM1;FCGR1A;H3C4;RXRG;ELANE;GRIA3;H3C6;RUNX1T1;NGFR;BCL11B;EYA1;GADD45A;ZBTB16;GZMB;FLI1;PTK2;BAIAP3;PER2;MEIS1;IL2RB;MDM2;REL;ATM
KEGG_2021_Human,GABAergic synapse,27/89,0.9725154468566082,0.9999964758714786,0,0,0.6639099866256027,0.0185027198409117,GABRB2;ADCY4;ADCY2;ADCY8;ADCY7;GABARAP;GNAI1;GLS;GABRR2;GNGT2;GABRE;SLC38A5;NSF;PRKCG;GABRQ;GABRP;GABARAPL1;SLC38A1;GABBR1;SLC12A5;PRKCB;GAD1;GABRA3;SLC6A11;GNG11;GNB4;HAP1
KEGG_2021_Human,Calcium signaling pathway,81/240,0.9735436648289724,0.9999964758714786,0,0,0.7756949914368094,0.0207984008697358,RET;RYR1;RYR2;MYLK2;OXTR;CALML5;CALML6;ATP2A3;CALML3;ADRA1D;FGF1;ADRA1B;FGF2;ADRA1A;MYLK3;SLC8A1;SLC8A2;EDNRA;CYSLTR1;CYSLTR2;FGF9;PLCZ1;BDKRB2;CD38;NOS1;PRKCG;PDGFRB;LHCGR;PRKCB;TNNC2;TACR3;TACR1;TRDN;ITPKC;LTB4R2;ADORA2A;CASQ1;PLCB2;MET;PTGFR;PDE1C;PTAFR;ADCY4;PDGFA;CXCR4;ADCY2;ADRB1;ADCY8;ADCY7;CACNA1E;EGFR;CACNA1G;CACNA1I;PHKG1;PDGFD;GNA11;PLCG2;PTK2B;DRD1;NTSR1;FGF22;NTRK2;EGF;NTRK3;VEGFB;VEGFC;VEGFD;MCOLN2;GRIN2D;FGF17;P2RX7;FGF16;P2RX6;P2RX5;CAMK4;FGF19;P2RX1;PLCD3;FGFR2;FGF10;FGFR1
KEGG_2021_Human,Renin secretion,20/69,0.9747489864639952,0.9999964758714786,0,0,0.6223791771585756,0.0159175285125873,EDN1;ADCYAP1R1;ACE;CALML5;EDN3;PDE1C;CALML6;NPR1;PDE3B;CALML3;ADRB1;GNAI1;AGT;AQP1;EDNRA;ADORA1;CLCA2;PRKG2;PLCB2;CLCA4
KEGG_2021_Human,Melanogenesis,31/101,0.9747498218024508,0.9999964758714786,0,0,0.6750439462858593,0.0172638668061859,CALML5;CALML6;LEF1;TYRP1;ADCY4;CALML3;ADCY2;FZD10;ADCY8;ADCY7;GNAI1;WNT6;NRAS;WNT11;WNT1;HRAS;WNT4;PRKCG;FZD1;TCF7L2;EDN1;TCF7L1;WNT5B;PRKCB;FZD4;WNT3A;FZD7;FZD6;WNT16;KIT;PLCB2
KEGG_2021_Human,Non-small cell lung cancer,21/72,0.9749933331651962,0.9999964758714786,0,0,0.62784596925049,0.0158999767800351,ALK;RET;PRKCG;PRKCB;EGF;GADD45A;PIK3CD;FOXO3;STK4;EGFR;EML4;NRAS;CDK6;RASSF5;E2F1;PLCG2;E2F2;HRAS;JAK3;MET;RXRG
KEGG_2021_Human,Glycosaminoglycan degradation,4/19,0.9750070824506638,0.9999964758714786,0,0,0.4069447956173619,0.0102999941382415,HPSE2;HYAL1;HPSE;ARSB
KEGG_2021_Human,Thyroid hormone synthesis,22/75,0.9752768326665112,0.9999964758714786,0,0,0.6328978951696965,0.0158439135955276,PRKCG;GPX2;GPX3;PRKCB;GSR;ADCY4;ATP1A3;ADCY2;ATP1A2;TTF2;ATP1B2;LRP2;ADCY8;ADCY7;TSHR;SLC5A5;TPO;TG;IYD;PLCB2;DUOX2;CREB5
KEGG_2021_Human,Glycosphingolipid biosynthesis,12/45,0.9753780224961448,0.9999964758714786,0,0,0.5546581993051242,0.0138277219502684,B4GALT2;FUT5;FUT7;GCNT2;ST8SIA5;B4GALNT1;ST3GAL6;A4GALT;ST3GAL1;ABO;FUT3;ST3GAL3
KEGG_2021_Human,Vascular smooth muscle contraction,42/133,0.9773683211495804,0.9999964758714786,0,0,0.7032715759849906,0.0160990861684048,MYLK2;RAMP2;CALML5;CALML6;NPR1;NPR2;ADCY4;PLA2G3;CALML3;ADM;ADRA1D;MYL6B;ADCY2;PLA2G5;ADRA1B;ADCY8;ADRA1A;ADCY7;ACTG2;MYLK3;GNA13;EDNRA;KCNMB1;GNA11;KCNMB3;KCNMB4;MYH11;PRKCG;PPP1R14A;EDN1;PLA2G4F;PLA2G2D;PRKCH;EDN3;PRKCB;IRAG1;AGT;ACTA2;ADORA2A;PRKCQ;MYL9;PLCB2
KEGG_2021_Human,Amoebiasis,31/102,0.978779776179142,0.9999964758714786,0,0,0.6654808975634857,0.0142736398877084,ITGAM;SERPINB13;LAMC3;LAMA1;ITGB2;LAMA3;PIK3CD;CD1E;LAMC2;CD1D;CXCL3;CD1B;CXCL2;CD1A;GNA11;IL12B;PRKCG;IL10;SERPINB4;LAMB3;PRKCB;LAMB2;ACTN1;LAMB4;FN1;SERPINB9;PTK2;IFNG;COL4A4;COL4A3;PLCB2
KEGG_2021_Human,Mannose type O-glycan biosynthesis,5/23,0.9791153501633042,0.9999964758714786,0,0,0.4238490608448884,0.0089456815255092,B4GALT2;POMT2;B3GAT1;POMK;ST3GAL3
KEGG_2021_Human,Drug metabolism,33/108,0.9796513528657764,0.9999964758714786,0,0,0.6705798756502982,0.013786138501237,ADH1C;MAOA;ADH1B;MGST3;ADH1A;GSTP1;MGST1;UGT2B28;ADH6;ADH4;HPGDS;AOX1;UPP2;GSTT2B;XDH;GSTM4;GSTM3;GSTM2;UGT2B11;GSTM1;RRM2;UGT2B17;NME4;FMO2;ALDH3A1;CYP2A7;CYP2A6;NAT1;RRM2B;GSTA1;UGT2B7;CES1;GSTM5
KEGG_2021_Human,beta-Alanine metabolism,7/30,0.9807995226682518,0.9999964758714786,0,0,0.4643161535458399,0.0090017903531472,AOC3;ALDH3A1;AOC2;ALDH2;SMOX;GAD1;ALDH7A1
KEGG_2021_Human,TGF-beta signaling pathway,28/94,0.981269803187768,0.9999964758714786,0,0,0.6466388459794495,0.0122265363989765,CHRD;MICOS10-NBL1;ACVR1C;MYC;E2F5;LEFTY2;LEFTY1;FST;INHBB;INHBA;GDF6;ACVR2B;BMP7;GDF5;DCN;BMP5;INHBE;BMP4;GREM2;RBL1;IFNG;BAMBI;ID1;ID4;ID3;BMPR1B;FMOD;NBL1
KEGG_2021_Human,Ras signaling pathway,77/232,0.9814374786069382,0.9999964758714786,0,0,0.7562859389084862,0.0141705047817231,CALML5;CALML6;RASGRF1;PIK3CD;CALML3;FASLG;FGF1;ETS1;FGF2;TBK1;GNGT2;FGF9;RASSF5;RAC2;RAC3;HRAS;PRKCG;PDGFRB;PLA2G4F;PRKCB;KSR2;PGF;TIAM1;ZAP70;MRAS;KIT;MET;EXOC2;EPHA2;PLA1A;SHC2;SHC3;PDGFA;PLA2G3;RASAL1;PLA2G5;EFNA5;RASAL3;RASGRP2;STK4;EFNA4;RASGRP1;EGFR;RASGRP3;NTF4;RAP1B;NRAS;PDGFD;NTF3;PLCG2;PAK6;PAK5;FGF22;NGFR;ANGPT4;NTRK2;PLA2G2D;ANGPT1;EGF;IGF2;VEGFB;VEGFC;VEGFD;PTPN11;GNG11;GRIN2B;EFNA1;FGF17;MAPK10;FGF16;EFNA3;FGF19;REL;GNB4;FGFR2;FGF10;FGFR1
KEGG_2021_Human,Fatty acid degradation,11/43,0.9814684132710264,0.9999964758714786,0,0,0.5243024800708592,0.00980731271498,ADH4;ACADVL;ADH1C;ACADL;ALDH2;ADH1B;ADH1A;ACSL6;ACSL5;ALDH7A1;ADH6
KEGG_2021_Human,Prostate cancer,29/97,0.9815803659198648,0.9999964758714786,0,0,0.650009325226603,0.0120845755068999,HSP90AB1;GSTP1;LEF1;PDGFA;PIK3CD;TMPRSS2;PLAT;KLK3;EGFR;NRAS;PDGFD;E2F1;E2F2;HRAS;NKX3-1;PDGFRB;TCF7L2;TCF7L1;SRD5A2;EGF;MMP9;ETV5;AR;CCNE2;MDM2;ERG;FGFR2;FGFR1;CREB5
KEGG_2021_Human,Signaling pathways regulating pluripotency of stem cells,45/143,0.9820684959695654,0.9999964758714786,0,0,0.6995417305313281,0.0126576630652818,HOXD1;PIK3CD;FZD10;BMI1;FGF2;WNT6;NRAS;ACVR1C;WNT11;MYC;OTX1;WNT1;JAK2;HRAS;JAK3;LEFTY2;WNT4;FZD1;LEFTY1;WNT5B;FZD4;WNT3A;FZD7;ESRRB;FZD6;LIFR;INHBB;INHBA;WNT16;KLF4;DUSP9;ACVR2B;TBX3;INHBE;BMP4;MEIS1;KAT6A;ID1;ID4;COMMD3-BMI1;ID3;IL6ST;BMPR1B;FGFR2;FGFR1
KEGG_2021_Human,One carbon pool by folate,4/20,0.982511339212327,0.9999964758714786,0,0,0.3814791403286978,0.0067305868222514,ALDH1L1;DHFR2;MTHFD2;SHMT1
KEGG_2021_Human,Wnt signaling pathway,53/166,0.983194490187375,0.9999964758714786,0,0,0.7143690201318709,0.0121073581124967,CBY1;FZD10;SOX17;MYC;RAC2;CCN4;RAC3;RSPO3;RSPO1;RSPO4;PRKCG;TLE2;TLE1;MMP7;WNT5B;PRKCB;CSNK2A3;CTNNBIP1;TPTEP2-CSNK1E;CSNK1E;WNT16;TLE7;DKK4;SFRP4;SFRP1;SFRP2;DAAM2;SFRP5;PLCB2;LEF1;PRICKLE2;NKD2;WNT6;WNT11;WIF1;WNT1;WNT4;FZD1;TCF7L2;JUN;TCF7L1;FZD4;WNT3A;FZD7;FZD6;NFATC2;NFATC4;FOSL1;MAPK10;VANGL2;BAMBI;LGR6;LGR4
KEGG_2021_Human,TNF signaling pathway,34/112,0.9832352237213736,0.9999964758714786,0,0,0.6642457373421841,0.0112303334540355,CEBPB;PIK3CD;TNFAIP3;NOD2;CXCL3;CXCL2;CX3CL1;BAG4;CASP8;CASP10;CCL5;MAP2K3;JUN;EDN1;VCAM1;MLKL;RIPK3;IL15;VEGFC;VEGFD;FOS;TRAF1;MMP9;TNFRSF1A;MAPK10;CXCL10;ITCH;IRF1;TRAF5;LTA;FAS;IL18R1;BIRC3;CREB5
KEGG_2021_Human,Adherens junction,20/71,0.9833640885641772,0.9999964758714786,0,0,0.597872794924912,0.0100298197228443,PTPN1;TCF7L2;TCF7L1;ACTN1;CSNK2A3;LEF1;WAS;PTPRJ;SORBS1;EGFR;RAC2;SNAI1;RAC3;SNAI2;PTPN6;WASF1;MET;WASF3;FGFR1;NECTIN1
KEGG_2021_Human,Bacterial invasion of epithelial cells,22/77,0.9834789924447724,0.9999964758714786,0,0,0.6097820577800304,0.0101583601397997,ACTR3;ACTR2;SHC2;SHC3;SEPTIN1;CAV2;CAV1;CLTC;CLTB;FN1;CLTA;PIK3CD;SEPTIN6;CBL;DNM1;PTK2;CLTCL1;ELMO1;ELMO2;HCLS1;WASF1;MET
KEGG_2021_Human,Fluid shear stress and atherosclerosis,43/139,0.9862555432639448,0.9999964758714786,0,0,0.6823174734256554,0.0094431280150919,HSP90AB1;CALML5;NCF1;CALML6;MGST3;SDC2;GSTP1;MGST1;PDGFA;PIK3CD;CALML3;PLAT;TXN2;MAPK7;GPC1;RAC2;RAC3;GSTT2B;GSTM4;GSTM3;MEF2C;GSTM2;JUN;EDN1;GSTM1;VCAM1;CAV2;DUSP1;CAV1;MMP2;FOS;MMP9;ACVR2B;PTK2;ASS1;KLF2;TNFRSF1A;BMP4;MAPK10;IFNG;GSTA1;BMPR1B;GSTM5
KEGG_2021_Human,Non-homologous end-joining,2/13,0.986388162551506,0.9999964758714786,0,0,0.2774841437632135,0.0038030111666275,FEN1;PRKDC
KEGG_2021_Human,Glioma,21/75,0.9865637377447984,0.9999964758714786,0,0,0.5928178273294199,0.0080192516441796,PDGFRB;PRKCG;SHC2;SHC3;CALML5;CALML6;PRKCB;EGF;GADD45A;PIK3CD;PDGFA;CALML3;EGFR;NRAS;CDK6;CAMK4;E2F1;PLCG2;MDM2;E2F2;HRAS
KEGG_2021_Human,Primary bile acid biosynthesis,3/17,0.9865646985618652,0.9999964758714786,0,0,0.3269949618072485,0.0044230554055663,CYP39A1;AKR1D1;CYP46A1
KEGG_2021_Human,Long-term depression,16/60,0.987087491190274,0.9999964758714786,0,0,0.5544326526853749,0.0072057393699545,RYR1;PRKCG;GRIA1;GRIA2;PLA2G4F;PRKCB;CRHR1;GNAI1;GNA13;NRAS;GNA11;PRKG2;NOS1;HRAS;PLCB2;GRIA3
KEGG_2021_Human,Butanoate metabolism,6/28,0.9875223404372948,0.9999964758714786,0,0,0.4160573872258242,0.0052240828049559,ALDH5A1;BDH2;ACSM1;GAD1;HMGCS2;AACS
KEGG_2021_Human,Human T-cell leukemia virus 1 infection,71/219,0.9883471631242332,0.9999964758714786,0,0,0.7302070015955009,0.008558948509674,CD40;ITGB2;BUB1B;PIK3CD;CD3G;TNFRSF13C;CD3E;ITGAL;CD3D;ETS1;CDC20;ELK4;ZFP36;PTTG1;MYC;HLA-DOA;B2M;HRAS;JAK3;HLA-DOB;HLA-DPA1;MMP7;MSX2;IL15;HLA-B;HLA-C;HLA-A;FOS;HLA-F;TNFRSF1A;CCNA2;KAT2B;CCNA1;CCNE2;ESPL1;LCK;LTA;HLA-DQB1;CREB5;ADCY4;ADCY2;ADCY8;IL2RG;ADCY7;CCNB2;HLA-DMA;NRAS;HLA-DMB;TERT;E2F1;E2F2;MSX1;HLA-DQA2;HLA-DQA1;EGR1;HLA-DRB5;JUN;NFATC2;IL2;NFATC4;FOSL1;MAPK10;CD4;IL2RA;IL2RB;HLA-DPB1;HLA-DRA;ATM;LTBR;HLA-DRB1;MAD2L1
KEGG_2021_Human,Complement and coagulation cascades,24/85,0.9891544750362268,0.9999964758714786,0,0,0.5996384716075547,0.0065389174545205,CFD;CR2;ITGAM;CR1;F10;PROS1;ITGB2;SERPINF2;C4BPA;PLAT;C4BPB;TFPI;CLU;F3;F5;C2;PROCR;CR1L;CFHR4;BDKRB2;ITGAX;CD59;MASP1;CD55
KEGG_2021_Human,Gastric acid secretion,21/76,0.9891660973792504,0.9999964758714786,0,0,0.5819909470992709,0.0063396370995001,PRKCG;MYLK2;KCNJ10;CALML5;CALML6;PRKCB;ADCY4;ATP1A3;KCNJ16;CALML3;ADCY2;ATP1A2;ATP1B2;ADCY8;ADCY7;MYLK3;GNAI1;SLC9A1;KCNQ1;PLCB2;KCNK2
KEGG_2021_Human,Inositol phosphate metabolism,20/73,0.9892247085536102,0.9999964758714786,0,0,0.5752159509730342,0.0062317546254009,PI4K2B;ISYNA1;SACM1L;MTMR8;PIK3CD;PIK3C2G;PIK3CG;INPP4A;ITPKC;PIKFYVE;IMPA1;PLCZ1;IMPA2;INPP5D;INPP5J;PLCG2;PIP4K2A;PLCH1;PLCD3;PLCB2
KEGG_2021_Human,Acute myeloid leukemia,18/67,0.989444257418116,0.9999964758714786,0,0,0.5599993796910862,0.0059426292024292,TCF7L2;TCF7L1;ITGAM;BCL2A1;ZBTB16;LEF1;PIK3CD;DUSP6;CCNA2;PER2;CCNA1;NRAS;MYC;KIT;PIM2;FCGR1A;HRAS;RUNX1T1
KEGG_2021_Human,GnRH secretion,17/64,0.9896130196949366,0.9999964758714786,0,0,0.551415969975132,0.0057575003765769,PRKCG;GABBR1;PRKCB;PIK3CD;ESR2;CACNA1G;CACNA1I;NRAS;GPER1;GNA11;GNRH1;KCNN2;KCNN4;HRAS;PLCB2;HCN2;HCN1
KEGG_2021_Human,"Parathyroid hormone synthesis, secretion and action",31/106,0.989762827416732,0.9999964758714786,0,0,0.6297788489999577,0.0064803820479748,ADCY4;ADCY2;PTH1R;ADCY8;ADCY7;EGFR;GNAI1;PTHLH;GNA13;CYP27B1;MMP25;MMP24;BGLAP;GNA11;PDE4B;TNFSF11;RXRG;PRKCG;EGR1;MEF2C;JUND;PRKCB;PDE4C;FOS;RUNX2;MMP13;MMP16;MMP15;PLCB2;FGFR1;CREB5
KEGG_2021_Human,Linoleic acid metabolism,6/29,0.991024713129843,0.9999964758714786,0,0,0.3979349475489873,0.003587704842893,PLA2G2D;PLA2G4F;ALOX15;PLA2G3;PLA2G5;PLB1
KEGG_2021_Human,Insulin secretion,24/86,0.991196696713812,0.9999964758714786,0,0,0.5899178216607384,0.0052162193147141,GLP1R;PRKCG;RYR2;ADCYAP1R1;PRKCB;ADCY4;ATP1A3;ADCY2;ATP1A2;ATP1B2;ADCY8;ADCY7;GCK;GNA11;KCNMB1;KCNMB3;KCNMB4;KCNN2;KCNN4;PLCB2;STX1A;VAMP2;CREB5;RAPGEF4
KEGG_2021_Human,Aldosterone synthesis and secretion,28/98,0.9913158414390852,0.9999964758714786,0,0,0.6094851635810297,0.0053159817697836,CALML5;CALML6;NPR1;ADCY4;ATP1A3;CALML3;ADCY2;ATP1A2;ADCY8;ADCY7;CACNA1G;LIPE;CACNA1I;CYP11A1;GNA11;PRKCG;PRKCB;PDE2A;ATP1B2;AGT;NR4A1;STAR;CYP21A2;CAMK4;PRKD1;PLCB2;KCNK3;CREB5
KEGG_2021_Human,Phospholipase D signaling pathway,45/148,0.9919637822196324,0.9999964758714786,0,0,0.6653057900795428,0.0053681410012783,DGKG;PTGFR;DGKE;SHC2;SHC3;DGKB;DGKA;ADCY4;PDGFA;PIK3CD;ADCY2;ADCY8;ADCY7;AGPAT2;PIK3CG;EGFR;PIK3R5;GRM3;CYTH3;GNA13;CYTH2;NRAS;GRM4;CYTH4;GRM6;PDGFD;PLCG2;PTK2B;HRAS;CYTH1;PDGFRB;PLA2G4F;SYK;EGF;AVPR2;PTPN11;DNM1;AGT;MRAS;LPAR5;KIT;PLPP2;PLCB2;DGKI;RAPGEF4
KEGG_2021_Human,FoxO signaling pathway,39/131,0.9924242682484044,0.9999964758714786,0,0,0.6456397515527951,0.0049098148573505,IRS1;IRS4;AGAP2;PIK3CD;IRS2;FASLG;SLC2A4;FOXO3;STK4;GABARAP;PRKAG3;EGFR;CCNB3;CCNB2;CCNB1;NRAS;HOMER3;SKP2;PCK1;HRAS;S1PR4;PLK4;IL10;GABARAPL1;GADD45A;HOMER2;EGF;PLK2;TPTEP2-CSNK1E;PLK1;CSNK1E;FBXO32;KLF2;RBL2;MAPK10;MDM2;ATM;IL7R;SGK2
KEGG_2021_Human,Maturity onset diabetes of the young,5/26,0.992560059499642,0.9999964758714786,0,0,0.3632088819849599,0.0027123549088514,HHEX;PKLR;HES1;BHLHA15;GCK
KEGG_2021_Human,Hedgehog signaling pathway,14/56,0.9925711645739138,0.9999964758714786,0,0,0.5081856540084388,0.0037893201995895,EVC2;HHATL;HHIP;TPTEP2-CSNK1E;PTCH2;CSNK1E;LRP2;SCUBE2;SMO;GPR161;BOC;GAS1;SPOPL;CSNK1G1
KEGG_2021_Human,Apelin signaling pathway,41/137,0.9926807518678444,0.9999964758714786,0,0,0.6504165078961853,0.0047780671491394,RYR1;MYLK2;RYR2;CALML5;CALML6;PDE3B;ADCY4;CALML3;PLAT;ADCY2;ADCY8;ADCY7;MYLK3;SLC8A1;GABARAP;PIK3CG;PRKAG3;GNAI1;SLC8A2;PIK3R5;SLC9A1;GNA13;LIPE;NRAS;GNGT2;NOS1;PPARGC1A;HRAS;EGR1;GABARAPL1;MEF2C;RPS6;GNG11;KLF2;ACTA2;MRAS;CAMK4;MYL3;GNB4;PLIN1;PLCB2
KEGG_2021_Human,Glutamatergic synapse,33/114,0.9931530723748364,0.9999964758714786,0,0,0.6205971229445408,0.0042637972554517,GRIA1;GRIA2;GRIK5;SLC1A1;ADCY4;SLC1A3;GRIK4;GRIK1;ADCY2;ADCY8;SLC1A7;ADCY7;GNAI1;GLS;GRM3;GNGT2;GRM4;GRM6;HOMER3;SLC17A7;GRIA3;GRIA4;PRKCG;SLC38A1;PLA2G4F;PRKCB;HOMER2;GNG11;GRIN2B;GRIN2D;GRIN3A;GNB4;PLCB2
KEGG_2021_Human,Focal adhesion,63/201,0.99380986159132,0.9999964758714786,0,0,0.6947550298217341,0.0043139957280922,MYLK2;ITGB5;LAMC3;RASGRF1;PIK3CD;LAMC2;MYLK3;IBSP;RAC2;RAC3;TNR;ITGB8;ITGB7;ITGB6;HRAS;PRKCG;PDGFRB;ITGA4;PRKCB;ACTN1;ITGA2;VAV1;PGF;MYL7;COL4A4;COL4A3;ITGA7;COL6A6;COL6A5;MYL9;MET;BIRC3;SHC2;TNXB;SHC3;LAMA1;LAMA3;PDGFA;EGFR;RAP1B;PDGFD;PAK6;PAK5;JUN;LAMB3;CAV2;EGF;LAMB2;CAV1;LAMB4;FN1;VEGFB;VEGFC;PARVA;VEGFD;PTK2;MAPK10;PARVG;ITGA10;ITGA11;COL9A1;COL9A3;COL9A2
KEGG_2021_Human,cGMP-PKG signaling pathway,51/167,0.9939931569795382,0.9999964758714786,0,0,0.6692957412937942,0.0040324778445125,MYLK2;CALML5;CALML6;IRS1;PDE3B;IRS4;ATP2A3;CALML3;IRS2;ADRA1D;ADRA1B;ADRA1A;MYLK3;SLC8A1;PIK3CG;SLC8A2;EDNRA;RGS2;ADORA1;BDKRB2;CNGA1;PRKG2;MEF2C;IRAG1;ATP1B2;ADRA2B;ADRA2A;PDE5A;MYL9;PLCB2;MYH6;CREB5;NPR1;NPR2;ADCY4;ATP1A3;ADRB1;ADCY2;ATP1A2;ADCY8;ADCY7;GNAI1;PIK3R5;GNA13;KCNMB1;GNA11;KCNMB3;KCNMB4;PDE2A;NFATC2;NFATC4
KEGG_2021_Human,Thiamine metabolism,2/15,0.9943476486725124,0.9999964758714786,0,0,0.2347553861709574,0.0013306842189067,ALPL;AK5
KEGG_2021_Human,Fanconi anemia pathway,13/54,0.9945773292102492,0.9999964758714786,0,0,0.4833750590385286,0.0026283165188205,FANCI;RMI2;BLM;RMI1;BRCA1;FANCB;BRCA2;BRIP1;RAD51;FANCD2;UBE2T;HES1;FAN1
KEGG_2021_Human,Prolactin signaling pathway,18/70,0.9948054845257952,0.9999964758714786,0,0,0.5275602057516952,0.0027475619731639,LHCGR;SHC2;SHC3;STAT1;PIK3CD;FOS;TNFRSF11A;FOXO3;ESR2;GCK;SOCS2;MAPK10;NRAS;ELF5;IRF1;TNFSF11;JAK2;HRAS
KEGG_2021_Human,Long-term potentiation,17/67,0.994967189763836,0.9999964758714786,0,0,0.5182018488033431,0.0026145964857654,PRKCG;GRIA1;GRIA2;CALML5;CALML6;PRKCB;CALML3;ADCY8;GRIN2B;GRIN2D;RAP1B;RPS6KA3;NRAS;PPP1R1A;CAMK4;HRAS;PLCB2
KEGG_2021_Human,Toll-like receptor signaling pathway,29/104,0.9952857964655152,0.9999964758714786,0,0,0.588998520397379,0.0027832244165059,CD86;CD40;CXCL9;CCL4L2;CD80;CCL3L3;PIK3CD;TBK1;CASP8;CTSK;CCL5;CCL4;IL12B;LBP;IKBKE;MAP2K3;JUN;TICAM2;STAT1;FOS;TLR1;MAPK10;CXCL10;CXCL11;TOLLIP;TLR8;IRF5;TLR7;TLR6
KEGG_2021_Human,Small cell lung cancer,25/92,0.9953490200350648,0.9999964758714786,0,0,0.5684752810923202,0.0026501347932018,LAMC3;LAMA1;LAMA3;PIK3CD;LAMC2;MYC;E2F1;E2F2;SKP2;RXRG;LAMB3;GADD45A;LAMB2;ITGA2;LAMB4;FN1;TRAF1;PTK2;CDK6;CCNE2;COL4A4;COL4A3;TRAF5;CKS2;BIRC3
KEGG_2021_Human,Galactose metabolism,6/31,0.9954337297585027,0.9999964758714786,0,0,0.3660394537177541,0.0016752628336867,B4GALT2;MGAM;HKDC1;GALM;GANC;GCK
KEGG_2021_Human,Regulation of actin cytoskeleton,68/218,0.9959440239213516,0.9999964758714786,0,0,0.6896490780864984,0.0028028882375272,CYFIP2;MYLK2;ITGAM;ITGB5;CHRM4;ITGB2;PIK3CD;ITGAE;FGF1;ITGAL;FGF2;MYLK3;FGF9;RAC2;BDKRB2;ITGAX;PIP4K2A;RAC3;ITGB8;ITGB7;ITGB6;HRAS;PDGFRB;ACTR3;ACTR2;ITGA4;ACTN1;ITGA2;VAV1;TIAM1;MYL7;MRAS;ITGAD;SPATA13;ITGA7;MYL9;PDGFA;CXCR4;IQGAP3;EGFR;SLC9A1;GNA13;NRAS;PDGFD;PAK6;NCKAP1L;MYH11;WASF1;PAK5;FGF22;GSN;EGF;FN1;MSN;SSH2;PTK2;FGF17;FGF16;PIKFYVE;CXCL12;DIAPH3;LPAR5;FGF19;ITGA10;ITGA11;FGFR2;FGF10;FGFR1
KEGG_2021_Human,Cushing syndrome,46/155,0.9960200437545418,0.9999964758714786,0,0,0.6424140520421823,0.0025618812947658,KMT2D;LEF1;ADCY4;ASH2L;ADCY2;FZD10;ADCY8;ADCY7;CRHR1;EGFR;GNAI1;CACNA1G;RAP1B;CACNA1I;WNT6;PDE11A;RASD1;WNT11;CYP11A1;GNA11;E2F1;E2F2;WNT1;WNT4;FZD1;TCF7L2;TCF7L1;WNT5B;FZD4;WNT3A;FZD7;FZD6;WNT16;AGT;MRAP;NR5A1;NR4A1;CDK6;NCEH1;CCNE2;STAR;CYP21A2;PLCB2;KCNK2;KCNK3;CREB5
KEGG_2021_Human,Ubiquinone and other terpenoid-quinone biosynthesis,1/11,0.9960807414235562,0.9999964758714786,0,0,0.1526096297232402,0.0005992917584526023,HPD
KEGG_2021_Human,Cardiac muscle contraction,23/87,0.9963663227122308,0.9999964758714786,0,0,0.547510613356989,0.0019931002190704,RYR2;COX4I1;TPM2;COX4I2;TPM1;ATP2A3;ATP1A3;ATP1A2;ATP1B2;COX6B2;COX6C;COX7A1;COX7B2;SLC8A1;SLC8A2;TRDN;SLC9A1;CACNG6;TNNT2;MYL3;TNNI3;CACNG1;MYH6
KEGG_2021_Human,Phototransduction,5/28,0.9963667048454942,0.9999964758714786,0,0,0.331570527797171,0.0012068874111914,CALML5;CALML6;CNGA1;CALML3;RGS9
KEGG_2021_Human,Ether lipid metabolism,11/49,0.9964813610828568,0.9999964758714786,0,0,0.4412981079803139,0.001555506938126,PLA2G4F;PLA2G2D;GAL3ST1;AGPS;PLA2G3;PLA2G5;ENPP6;PLPP2;PLA2G7;PLB1;SELENOI
KEGG_2021_Human,Sphingolipid metabolism,11/49,0.9964813610828568,0.9999964758714786,0,0,0.4412981079803139,0.001555506938126,SMPD2;NEU3;UGCG;ASAH1;GAL3ST1;CERS6;SGMS2;PLPP2;CERS1;SGPP1;ENPP7
KEGG_2021_Human,Chemical carcinogenesis,75/239,0.9965888461747958,0.9999964758714786,0,0,0.6955139872868303,0.0023765609140478,MIR29B2;HSP90AB1;PIK3CD;FGF2;RPS6KA3;HPGDS;FGF9;MYC;TNFSF11;JAK2;KPNA2;HRAS;IKBKE;PAQR8;PRKCG;PAQR7;UGT2B11;PRKCB;HSD11B1L;MIRLET7I;UGT2B17;FOS;MIRLET7D;CDC25A;MIRLET7B;AR;CYP2A7;CYP2A6;BIRC5;KPNB1;UGT2B7;CREB5;MGST3;GSTP1;MGST1;ADCY4;MIRLET7A3;UGT2B28;ADCY2;ADRB1;ADCY8;ADCY7;DLL1;EGFR;GNAI1;HSD11B1;DLL4;NRAS;E2F1;WNT1;GSTT2B;RXRG;FGF22;GSTM4;GSTM3;GSTM2;JUN;GSTM1;EGF;EPHX2;EPHX1;AKR1C2;EPHX3;MIR29C;CDC6;KLF4;ESR2;FGF17;FGF16;KLF5;NAT1;GSTA1;MIR141;GSTM5;FGF10
KEGG_2021_Human,Osteoclast differentiation,36/127,0.996913612731724,0.9999964758714786,0,0,0.6023451034875255,0.001861945080634,NCF1;SIRPG;FHL2;PIK3CD;TNFRSF11A;LILRA2;SIRPB1;LILRA4;FCGR3A;FCGR3B;CTSK;PLCG2;BLNK;TNFSF11;FCGR1A;JUN;JUND;SYK;STAT1;STAT2;NFATC2;LILRB1;FOS;LILRB4;TNFRSF1A;FOSL1;MAPK10;CYLD;IFNG;LCK;CAMK4;BTK;FOSB;LCP2;PPARG;IRF9
KEGG_2021_Human,Phosphatidylinositol signaling system,26/97,0.9969696792498918,0.9999964758714786,0,0,0.5577914750164271,0.0016928533226515,DGKG;PI4K2B;DGKE;CALML5;CALML6;DGKB;DGKA;MTMR8;PIK3CD;CALML3;PIK3C2G;IMPA1;PLCZ1;IMPA2;INPP5D;PLCG2;PIP4K2A;PRKCG;PRKCB;SACM1L;INPP4A;ITPKC;PIKFYVE;PLCD3;PLCB2;DGKI
KEGG_2021_Human,Tuberculosis,54/180,0.9970829364840544,0.9999964758714786,0,0,0.6521264994547438,0.0019050743837024,CIITA;ITGAM;CALML5;CALML6;ITGB2;CALML3;CTSS;FCGR3A;CASP8;FCGR3B;LAMP1;CASP10;ITGAX;IL12B;LBP;HLA-DOA;JAK2;HLA-DOB;CAMP;HLA-DPA1;IL10;CR1;SYK;RIPK2;IL18;TNFRSF1A;TLR1;IFNG;IL23A;RFX5;TLR6;CLEC4E;PLA2R1;HLA-DQB1;CEBPB;NOD2;CORO1A;CYP27B1;HLA-DMA;HLA-DMB;CLEC7A;FCGR1A;HLA-DQA2;HLA-DQA1;CD74;HLA-DRB5;STAT1;IL10RA;MAPK10;CD209;CR1L;HLA-DPB1;HLA-DRA;HLA-DRB1
KEGG_2021_Human,Cysteine and methionine metabolism,11/50,0.9973758250997864,0.9999964758714786,0,0,0.4299470827371625,0.0011297393088697,LDHC;MPST;IL4I1;SDS;TST;BHMT2;PHGDH;MAT1A;CDO1;LDHAL6A;SRM
KEGG_2021_Human,Influenza A,51/172,0.9974101913167476,0.9999964758714786,0,0,0.6413708728924989,0.0016631824487771,PRSS1;TPSB2;CIITA;PIK3CD;ADAR;FASLG;IFIH1;TBK1;CASP8;IL12B;HLA-DOA;KPNA2;JAK2;TPSAB1;HLA-DOB;IKBKE;HLA-DPA1;RSAD2;PRKCB;IL18;TNFRSF1A;IFNG;OAS1;OAS2;OAS3;TLR7;IRF9;HLA-DQB1;TPSD1;NLRX1;TMPRSS2;HLA-DMA;HLA-DMB;PABPN1;CCL5;BCL2L2-PABPN1;HLA-DQA2;HLA-DQA1;HLA-DRB5;STAT1;MX2;STAT2;MX1;EIF2AK2;TNFRSF10A;CXCL10;CDK6;HLA-DPB1;HLA-DRA;FAS;HLA-DRB1
KEGG_2021_Human,Pertussis,19/76,0.9974266322518646,0.9999964758714786,0,0,0.5078741819717121,0.0013086315582211,IL10;JUN;ITGAM;TICAM2;CALML5;SFTPA2;CALML6;ITGB2;C4BPA;CALML3;C4BPB;FOS;GNAI1;C2;MAPK10;IL23A;IRF1;IL12B;IRF8
KEGG_2021_Human,Glycerophospholipid metabolism,26/98,0.997573186099568,0.9999964758714786,0,0,0.5499985913905793,0.0013363664397971,DGKG;DGKE;DGKB;DGKA;PLA2G3;LCAT;PLA2G5;AGPAT2;PLB1;SELENOI;PTDSS2;PTDSS1;GPAT2;LYPLA1;PCYT1B;PLA2G4F;PLA2G2D;PNPLA7;MBOAT2;PHOSPHO1;PLPP4;GPAM;GPD1;PLPP2;DGKI;PLA1A
KEGG_2021_Human,Epithelial cell signaling in Helicobacter pylori infection,17/70,0.9976464143159288,0.9999964758714786,0,0,0.4887478168208132,0.0011516656689575,ATP6V1A;JUN;ATP6V1G2;PTPN11;CXCL3;CXCL2;EGFR;MAPK10;PTPRZ1;CCL5;ATP6V1B2;PLCG2;ATP6V0E2;MET;ATP6V1C1;JAM2;ATP6V1B1
KEGG_2021_Human,Selenocompound metabolism,2/17,0.997686632716038,0.9999964758714786,0,0,0.2034209639366363,0.00047113256452911657,TXNRD1;INMT
KEGG_2021_Human,cAMP signaling pathway,66/216,0.9977073761510936,0.9999964758714786,0,0,0.6691946992864424,0.0015359731049762,GLP1R;RYR2;OXTR;CALML5;CALML6;HHIP;PDE3B;ATP2A3;PIK3CD;CALML3;LIPE;EDNRA;RAC2;ADORA1;CNGA1;PDE4B;RAC3;SOX9;ABCC4;EDN1;LHCGR;EDN3;PDE4C;ARAP3;FOS;ATP1B2;VAV1;TIAM1;ADORA2A;MYL9;RAPGEF4;CREB5;GRIA1;GRIA2;ADCYAP1R1;SUCNR1;NPR1;ADCY4;ATP1A3;ADCY2;ADRB1;ATP1A2;ADCY8;ADCY7;GNAI1;SLC9A1;HCAR2;RAP1B;HCAR1;TNNI3;DRD1;DRD2;GRIA3;GRIA4;JUN;GABBR1;GRIN2B;TSHR;GRIN2D;MAPK10;GRIN3A;CAMK4;FXYD1;PPP1R1B;VIP;HCN2
KEGG_2021_Human,Measles,39/139,0.9983109468882082,0.9999964758714786,0,0,0.593592380952381,0.0010034567428157,PIK3CD;TNFAIP3;ADAR;CD3G;FASLG;CD3E;IL2RG;CD3D;IFIH1;TBK1;CASP8;RACK1;IL12B;IKBKE;JAK3;SLAMF1;JUN;STAT1;CSNK2A3;MX2;STAT2;MX1;EIF2AK2;MSN;FOS;IL2;MAPK10;CDK6;CCNE2;OAS1;CD209;OAS2;OAS3;IL2RA;IL2RB;CD28;FAS;TLR7;IRF9
KEGG_2021_Human,Thyroid hormone signaling pathway,33/121,0.9983171119633336,0.9999964758714786,0,0,0.5708983631518842,0.0009615673577322222,THRA;NOTCH4;ATP2A3;PIK3CD;ATP1A3;ATP1A2;HIF1A;SLC9A1;MED14;NRAS;MED13;PLCZ1;MYC;PLCG2;HRAS;RXRG;WNT4;PRKCG;MED1;NCOA2;PRKCB;STAT1;NCOA3;DIO3;ATP1B2;BMP4;SLCO1C1;RCAN1;KAT2B;MDM2;PLCD3;PLCB2;MYH6
KEGG_2021_Human,Hippo signaling pathway,47/163,0.9984034607785665,0.9999964758714786,0,0,0.6164883428376062,0.0009850343512847269,YAP1;ITGB2;LEF1;PARD6G;FZD10;AFP;FGF1;LIMD1;SAV1;NKD2;WNT6;PARD6B;RASSF2;WNT11;RASSF4;MYC;WNT1;TEAD2;WNT4;TEAD3;FZD1;TCF7L2;TCF7L1;WNT5B;FZD4;WNT3A;FZD7;TPTEP2-CSNK1E;FZD6;CSNK1E;GDF6;WNT16;WTIP;BMP7;GDF5;YWHAZ;FRMD1;BMP5;BMP4;MOB1A;DCHS2;ID1;SNAI2;BIRC5;BMPR1B;AJUBA;BIRC3
KEGG_2021_Human,Progesterone-mediated oocyte maturation,26/100,0.9984572159059976,0.9999964758714786,0,0,0.5350446795680062,0.000826095828952165,HSP90AB1;PDE3B;ADCY4;PIK3CD;ADCY2;ADCY8;ADCY7;GNAI1;AURKA;CCNB3;RPS6KA3;STK10;CCNB2;CCNB1;BUB1;SPDYC;PLK1;CDC25C;CDC25A;CCNA2;MAPK10;CCNA1;CPEB1;CDK1;CPEB2;MAD2L1
KEGG_2021_Human,Neuroactive ligand-receptor interaction,109/341,0.9985910648248312,0.9999964758714786,0,0,0.7135600521328062,0.0010060687664282,OXTR;PRSS1;NPFFR1;CHRM4;NPY2R;PMCH;EDNRA;CYSLTR1;CYSLTR2;ADORA1;LEPR;PTGDR;LHCGR;NPFF;UTS2B;LTB4R2;UTS2;CHRNA1;GRIA1;PTGFR;GRIA2;ADCYAP1R1;CHRNA5;CHRNA6;FPR1;FPR3;ADRB1;FPR2;CRHR1;PENK;TAC4;DRD1;DRD2;TAC1;NTSR1;GRIA3;GRIA4;NMB;NMBR;GRIN2B;GRIN2D;GRIN3A;RLN2;GNRH1;RLN1;GLP1R;GABRB2;UCN;THRA;GRIK5;GRIK4;ADM;GRIK1;ADRA1D;PTH1R;ADRA1B;ADRA1A;GHR;GRM3;GABRR2;GRM4;UCN2;GRM6;BDKRB2;EDN1;EDN3;NPY5R;GRID1;AVPR2;TACR3;PTH2R;TACR1;OPRM1;ADRA2B;SSTR3;ADRA2A;GAL;ADORA2A;NPY4R2;NPY4R;PTAFR;P2RY8;GLRA3;NPW;CNR2;CNR1;CHRNE;S1PR2;GABRE;S1PR5;S1PR4;GABRQ;GABRP;GABBR1;P2RY10;GZMA;GABRA3;AGT;TSHR;P2RX7;P2RX6;P2RX5;GLRB;GHRH;LEP;P2RX1;MC5R;F2RL1;VIP
KEGG_2021_Human,Estrogen signaling pathway,38/137,0.9986139043064006,0.9999964758714786,0,0,0.584188764229394,0.0008103032390862847,SHC2;SHC3;HSP90AB1;CALML5;CALML6;ADCY4;KRT23;PIK3CD;CALML3;ADCY2;ADCY8;ADCY7;KRT40;EGFR;GNAI1;NRAS;GPER1;HRAS;NCOA2;JUN;GABBR1;MMP2;NCOA3;FOS;KRT32;OPRM1;KRT31;MMP9;ESR2;KRT17;KRT16;KRT37;KRT15;KRT14;TFF1;PLCB2;FKBP5;CREB5
KEGG_2021_Human,Notch signaling pathway,13/59,0.998661726843145,0.9999964758714786,0,0,0.4306554481270945,0.0005767206170742552,JAG2;TLE2;TLE1;DTX3L;NOTCH4;DTX3;TLE7;DLL1;DLL4;KAT2B;HEY1;HEY2;HES1
KEGG_2021_Human,VEGF signaling pathway,13/59,0.998661726843145,0.9999964758714786,0,0,0.4306554481270945,0.0005767206170742552,PRKCG;PLA2G4F;SHC2;PRKCB;SH2D2A;PIK3CD;NFATC2;PTK2;NRAS;RAC2;PLCG2;RAC3;HRAS
KEGG_2021_Human,Biosynthesis of unsaturated fatty acids,4/27,0.9987752933134258,0.9999964758714786,0,0,0.2652228879239268,0.0003250193115847983,FADS2;HACD1;ACOT1;FADS1
KEGG_2021_Human,Purine metabolism,35/129,0.998881425859922,0.9999964758714786,0,0,0.5667097833454402,0.0006342617091220746,PRPS1;PDE1C;NPR1;NPR2;PDE3B;ADCY4;ADCY2;AK5;ADCY8;ADCY7;PDE11A;PPAT;PDE4B;PDE6C;ENPP4;NT5M;XDH;RRM2;ENTPD3;PKLR;PDE2A;PDE4C;ENTPD8;AMPD1;ADA2;NME4;AMPD3;DCK;NT5C3A;RRM2B;ADSS1;PDE5A;PDE7A;PDE9A;ADA
KEGG_2021_Human,Cytosolic DNA-sensing pathway,14/63,0.9988944359891,0.9999964758714786,0,0,0.4353345388788426,0.0004815564436993722,ZBP1;RIPK3;CCL4L2;IL18;CGAS;ADAR;CXCL10;TBK1;AIM2;POLR3A;CCL5;CCL4;IKBKE;POLR2K
KEGG_2021_Human,Apoptosis,39/142,0.9990749352250964,0.9999964758714786,0,0,0.5761590383726306,0.0005332311058407222,BCL2A1;TUBAL3;PRF1;PIK3CD;CSF2RB;CTSW;FASLG;CTSV;CTSS;LMNB1;TP53AIP1;NRAS;TUBA3D;CASP12;CASP8;TUBA3C;CASP10;CTSK;LMNA;PMAIP1;CTSF;HRAS;CTSC;BOK;NGFR;JUN;PARP1;GADD45A;GZMB;TNFRSF10A;FOS;TRAF1;TNFRSF1A;MAPK10;BIRC5;FAS;ATM;BIRC6;BIRC3
KEGG_2021_Human,Vibrio cholerae infection,10/50,0.9990800065750906,0.9999964758714786,0,0,0.3810096153846153,0.0003506876809076421,ATP6V1A;SLC12A2;ATP6V1G2;KDELR1;KCNQ1;ATP6V1B2;PLCG2;ATP6V0E2;ATP6V1C1;ATP6V1B1
KEGG_2021_Human,Glycolysis / Gluconeogenesis,15/67,0.9990879274081428,0.9999964758714786,0,0,0.4394665342253644,0.0004010082830493191,ADH1C;PKLR;ADH1B;ADH1A;GCK;ADH6;LDHC;ALDH3A1;ADH4;ALDH2;HKDC1;GALM;PCK1;ALDH7A1;LDHAL6A
KEGG_2021_Human,GnRH signaling pathway,23/93,0.9991237416138328,0.9999964758714786,0,0,0.500331299672321,0.0004386116938645775,MAP2K3;MAP3K2;EGR1;PLA2G4F;JUN;CALML5;CALML6;PRKCB;MMP2;ADCY4;CALML3;ADCY2;ADCY8;ADCY7;EGFR;MAPK10;NRAS;MAPK7;GNA11;PTK2B;GNRH1;HRAS;PLCB2
KEGG_2021_Human,Bile secretion,22/90,0.9991603184560373,0.9999964758714786,0,0,0.4926731462985599,0.00041386232875948456,ABCC4;UGT2B11;EPHX1;ADCY4;UGT2B17;ATP1A3;UGT2B28;AQP4;ADCY2;ATP1A2;ATP1B2;SLC5A1;SLC51B;ADCY8;ADCY7;AQP1;SLC9A1;SLC9A3;NCEH1;KCNN2;UGT2B7;ABCG2
KEGG_2021_Human,Kaposi sarcoma-associated herpesvirus infection,56/193,0.9991629708844312,0.9999964758714786,0,0,0.6215656367679597,0.0005204863967472491,CD86;CALML5;CALML6;PIK3CD;CALML3;CXCL3;FGF2;CXCL2;PIK3CG;ZFP36;TBK1;GNGT2;CASP8;MYC;CCR8;CCR5;JAK2;CCR4;HRAS;IKBKE;CCR3;GABARAPL1;SYK;HLA-B;HLA-C;HLA-A;FOS;HLA-F;TNFRSF1A;CD200R1;IL6ST;IRF9;LEF1;HIF1A;GABARAP;PIK3R5;NRAS;PLCG2;E2F1;E2F2;MICB;CCR1;TCF7L2;JUN;TCF7L1;STAT1;STAT2;EIF2AK2;NFATC2;GNG11;NFATC4;MAPK10;RCAN1;CDK6;GNB4;FAS
KEGG_2021_Human,Mitophagy,15/68,0.9993126327663904,0.9999964758714786,0,0,0.4311388831163247,0.00029645263898062265,PRKN;GABARAPL1;USP15;JUN;CSNK2A3;FOXO3;HIF1A;GABARAP;MAPK10;NRAS;PINK1;TBK1;MRAS;E2F1;HRAS
KEGG_2021_Human,Ovarian steroidogenesis,10/51,0.9993309561676964,0.9999964758714786,0,0,0.3716858398341068,0.00024875734276070985,LHCGR;PLA2G4F;STAR;CYP11A1;ADCY4;AKR1C3;ACOT1;ADCY2;ADCY8;ADCY7
KEGG_2021_Human,Vasopressin-regulated water reabsorption,8/44,0.9993646578179612,0.9999964758714786,0,0,0.3387019703741181,0.00021526003805278157,NSF;AVPR2;ARHGDIG;AQP4;AQP3;DYNC1I1;VAMP2;CREB5
KEGG_2021_Human,Base excision repair,5/33,0.9994392989654356,0.9999964758714786,0,0,0.2722486136950671,0.00015269289088995795,FEN1;NEIL3;PARP1;TDG;NEIL1
KEGG_2021_Human,SNARE interactions in vesicular transport,5/33,0.9994392989654356,0.9999964758714786,0,0,0.2722486136950671,0.00015269289088995795,STX19;SNAP23;VAMP1;STX1A;VAMP2
KEGG_2021_Human,Amino sugar and nucleotide sugar metabolism,9/48,0.9994414390156676,0.9999964758714786,0,0,0.351685885272223,0.00019649289599624293,CYB5R2;CHIT1;UGDH;CYB5R4;CYB5R3;PMM1;HKDC1;NPL;GCK
KEGG_2021_Human,Pathways in cancer,174/531,0.9995565679962976,0.9999964758714786,0,0,0.7385859770264696,0.00032758529597046746,CALML5;CALML6;HHIP;CALML3;FZD10;FGF1;FGF2;ETS1;EDNRA;FGF9;MYC;RASSF5;IL12B;PIM2;SKP2;IL6R;PRKCG;PDGFRB;WNT5B;DAPK1;PRKCB;PGF;EML4;AR;MSH2;SMO;CCNE2;IL23A;COL4A4;COL4A3;IL6ST;NOTCH4;MGST3;MGST1;PDGFA;KLK3;CSF2RB;RASGRP2;STK4;HIF1A;CSF2RA;RASGRP1;RASGRP3;WNT6;TERT;PLCG2;PMAIP1;WNT1;GSTT2B;FGF22;WNT4;FZD1;GSTM4;JAG2;GSTM3;GSTM2;JUN;GSTM1;FZD4;GADD45A;WNT3A;FZD7;ZBTB16;FZD6;PTCH2;FN1;IGF2;GNG11;PTK2;ESR2;IL2;BMP4;FGF17;FGF16;CDK6;CXCL12;LPAR5;FGF19;MDM2;GNB4;IL7R;FGFR2;GSTM5;FGF10;FGFR1;RET;ALK;HSP90AB1;LAMC3;PIK3CD;FASLG;LAMC2;BRCA2;GNGT2;CASP8;HEY1;HEY2;RAC2;BDKRB2;RAC3;ELOC;JAK2;JAK3;HRAS;NKX3-1;EDN1;IL15;MMP1;ITGA2;NCOA3;MMP2;FOS;TRAF1;WNT16;MMP9;CCNA2;CCNA1;IFNG;TRAF5;KIT;CKS2;BIRC5;PPARG;PLCB2;MET;BIRC3;LAMA1;GSTP1;LAMA3;LEF1;ADCY4;CXCR4;ADCY2;ADCY8;IL2RG;CBL;ADCY7;DLL1;EGFR;GNAI1;DLL4;GNA13;NRAS;WNT11;GNA11;STAT4;E2F1;E2F2;HES1;IL12RB1;RXRG;IL12RB2;RUNX1T1;TCF7L2;EGLN3;TCF7L1;LAMB3;STAT1;EGF;LAMB2;STAT2;TXNRD1;LAMB4;VEGFB;VEGFC;VEGFD;AGT;EPOR;MAPK10;RAD51;IL2RA;IL2RB;GSTA1;FAS
KEGG_2021_Human,Gastric cancer,40/149,0.9995932845643126,0.9999964758714786,0,0,0.5581952448308566,0.00022707280233765864,SHC2;SHC3;LEF1;PIK3CD;FZD10;FGF1;FGF2;EGFR;WNT6;NRAS;WNT11;FGF9;TERT;MYC;E2F1;E2F2;WNT1;HRAS;RXRG;FGF22;WNT4;FZD1;TCF7L2;TCF7L1;WNT5B;FZD4;GADD45A;WNT3A;EGF;FZD7;REG4;FZD6;WNT16;FGF17;FGF16;CCNE2;FGF19;MET;FGFR2;FGF10
KEGG_2021_Human,Pentose and glucuronate interconversions,5/34,0.9996179617293935,0.9999964758714786,0,0,0.2628389307685265,0.00010043371654233245,UGDH;UGT2B11;UGT2B28;UGT2B17;UGT2B7
KEGG_2021_Human,Pantothenate and CoA biosynthesis,2/21,0.9996234829730606,0.9999964758714786,0,0,0.1605422808791442,6.045828479588453e-05,ALDH2;VNN2
KEGG_2021_Human,Citrate cycle (TCA cycle),4/30,0.9996310297856754,0.9999964758714786,0,0,0.2345618982787124,8.656232432217986e-05,PC;OGDHL;PCK1;IDH3A
KEGG_2021_Human,Glyoxylate and dicarboxylate metabolism,4/30,0.9996310297856754,0.9999964758714786,0,0,0.2345618982787124,8.656232432217986e-05,GLDC;SHMT1;AFMID;HYI
KEGG_2021_Human,Hepatocellular carcinoma,46/168,0.9996575624288276,0.9999964758714786,0,0,0.5733371115204147,0.00019636579136356227,SHC2;SHC3;SMARCD3;MGST3;GSTP1;LEF1;MGST1;PIK3CD;FZD10;EGFR;WNT6;NRAS;WNT11;TERT;MYC;PLCG2;E2F1;DPF3;E2F2;ARID2;WNT1;GSTT2B;HRAS;WNT4;PRKCG;FZD1;GSTM4;GSTM3;TCF7L2;GSTM2;TCF7L1;GSTM1;WNT5B;PRKCB;FZD4;GADD45A;WNT3A;FZD7;TXNRD1;FZD6;IGF2;WNT16;CDK6;GSTA1;MET;GSTM5
KEGG_2021_Human,AGE-RAGE signaling pathway in diabetic complications,24/100,0.9996606069878888,0.9999964758714786,0,0,0.4806884130478287,0.00016316997933315443,EGR1;JUN;EDN1;VCAM1;PRKCB;STAT1;MMP2;FN1;VEGFB;CYBB;PIK3CD;VEGFC;VEGFD;F3;AGT;MAPK10;NRAS;COL4A4;COL4A3;PLCG2;JAK2;PLCD3;HRAS;PLCB2
KEGG_2021_Human,Fc gamma R-mediated phagocytosis,23/97,0.99967830162786,0.9999964758714786,0,0,0.4731288125027828,0.00015222925605968003,PRKCG;ACTR3;ACTR2;PLA2G4F;GSN;NCF1;SYK;MYO10;PRKCB;WAS;PIK3CD;ASAP1;VAV1;FCGR3A;PTPRC;FCGR3B;INPP5D;PLCG2;RAC2;FCGR1A;WASF1;PLPP2;WASF3
KEGG_2021_Human,Proteasome,8/46,0.9996800946761027,0.9999964758714786,0,0,0.3208222935279002,0.00010264917960955328,PSMD11;PSMD14;IFNG;PSME3;PSMD1;PSMB8;PSMA8;PSMB9
KEGG_2021_Human,Cholinergic synapse,28/113,0.9996835024874032,0.9999964758714786,0,0,0.5013023824797481,0.00015868607031173826,CHRM4;CHRNA6;ADCY4;PIK3CD;ADCY2;ADCY8;ADCY7;PIK3CG;GNAI1;PIK3R5;NRAS;GNGT2;GNA11;JAK2;HRAS;PRKCG;PRKCB;KCNJ14;FOS;GNG11;SLC5A7;KCNQ1;CAMK4;GNB4;KCNQ4;KCNQ5;PLCB2;CREB5
KEGG_2021_Human,Legionellosis,11/57,0.9996960230928532,0.9999964758714786,0,0,0.3643085454615473,0.0001107582197200267,EEF1G;ITGAM;CASP8;CR1;CR1L;ITGB2;EEF1A2;IL18;IL12B;CXCL3;CXCL2
KEGG_2021_Human,Relaxin signaling pathway,33/129,0.9997076264831436,0.9999964758714786,0,0,0.5229745590661083,0.00015292626794544942,SHC2;SHC3;ADCY4;PIK3CD;ADCY2;ADCY8;ADCY7;EGFR;GNAI1;NRAS;GNGT2;NOS1;HRAS;JUN;EDN1;MMP1;MMP2;VEGFB;VEGFC;VEGFD;FOS;GNG11;MMP9;ACTA2;MAPK10;MMP13;COL4A4;COL4A3;GNB4;RLN2;RLN1;PLCB2;CREB5
KEGG_2021_Human,Proteoglycans in cancer,58/205,0.9997250713184536,0.9999964758714786,0,0,0.5996214167948238,0.00016487579112700972,HPSE2;ITGB5;HSPB2;PIK3CD;FASLG;FZD10;FGF2;MYC;IL12B;HRAS;PRKCG;WNT5B;PRKCB;ITGA2;MMP2;RPS6;FRS2;WNT16;MMP9;VAV1;DCN;TIAM1;MRAS;SMO;HCLS1;MET;SDC2;TWIST2;TWIST1;CBL;HIF1A;EGFR;SLC9A1;WNT6;NRAS;WNT11;GPC1;PLCG2;GPC3;WNT1;WNT4;FZD1;FZD4;CAV2;WNT3A;FZD7;CAV1;FZD6;FN1;IGF2;MSN;PTPN11;PTK2;MDM2;FAS;PTPN6;HPSE;FGFR1
KEGG_2021_Human,Hepatitis C,42/157,0.9997273055724792,0.9999964758714786,0,0,0.5553883881230116,0.00015147197227104132,CD81;PIK3CD;FASLG;IFIT1;CLDN1;EGFR;CLDN22;CLDN20;NRAS;TBK1;CASP8;MYC;CLDN23;E2F1;E2F2;HRAS;IKBKE;RSAD2;EGF;STAT1;MX2;STAT2;MX1;EIF2AK2;YWHAZ;PIAS1;TNFRSF1A;CLDN11;CLDN5;CXCL10;CLDN10;CDK6;IFNG;OAS1;CLDN9;OAS2;CLDN8;PSME3;OAS3;CLDN7;FAS;IRF9
KEGG_2021_Human,Various types of N-glycan biosynthesis,6/39,0.9997424975350608,0.9999964758714786,0,0,0.2771186830367407,7.136793306643065e-05,B4GALT2;CHST9;MAN1A2;MGAT4A;B4GALNT4;ST3GAL3
KEGG_2021_Human,Fc epsilon RI signaling pathway,14/68,0.9997436672413832,0.9999964758714786,0,0,0.3948616971401781,0.0001012289628040538,MAP2K3;PLA2G4F;SYK;PIK3CD;VAV1;MAPK10;NRAS;INPP5D;RAC2;BTK;PLCG2;RAC3;LCP2;HRAS
KEGG_2021_Human,Inflammatory mediator regulation of TRP channels,23/98,0.9997508430076444,0.9999964758714786,0,0,0.4667815654965572,0.00011631638206793716,MAP2K3;PRKCG;PLA2G4F;PRKCH;CALML5;TRPA1;CALML6;PRKCB;TRPV2;ADCY4;TRPV3;PIK3CD;CALML3;ADCY2;ADCY8;ADCY7;MAPK10;PLCG2;BDKRB2;F2RL1;PRKCQ;ASIC2;PLCB2
KEGG_2021_Human,Terpenoid backbone biosynthesis,2/22,0.9997615105267856,0.9999964758714786,0,0,0.1525025278058645,3.637458517051829e-05,IDI2;HMGCS2
KEGG_2021_Human,Human immunodeficiency virus 1 infection,60/212,0.9997742457826728,0.9999964758714786,0,0,0.5997949419002051,0.0001354215242308651,CALML5;CALML6;CGAS;PIK3CD;CALML3;CD3G;FASLG;CD3E;CD3D;TBK1;GNGT2;CASP8;RAC2;RAC3;ELOC;CCR5;B2M;HRAS;PRKCG;MAP2K3;PRKCB;HLA-B;TAP2;HLA-C;TAP1;HLA-A;FOS;HLA-F;CDC25C;TNFRSF1A;TRAF5;CXCR4;GNAI1;CCNB3;CCNB2;NRAS;CCNB1;GNA11;PLCG2;PAK6;PTK2B;PAK5;APOBEC3D;JUN;APOBEC3G;APOBEC3H;NFATC2;GNG11;PTK2;NFATC4;BST2;MAPK10;CD4;WEE1;CDK1;GNB4;FAS;ATM;CD247;APOBEC3B
KEGG_2021_Human,Endometrial cancer,11/58,0.9997790262040712,0.9999964758714786,0,0,0.3565276854197571,7.879198180320908e-05,TCF7L2;NRAS;TCF7L1;EGF;GADD45A;MYC;LEF1;PIK3CD;FOXO3;HRAS;EGFR
KEGG_2021_Human,Chagas disease,24/102,0.9997951355336278,0.9999964758714786,0,0,0.4682850736082675,9.594479989055772e-05,IL10;JUN;ACE;CCL3L3;PIK3CD;CD3G;FASLG;FOS;CD3E;CD3D;IL2;GNAI1;TNFRSF1A;MAPK10;CASP8;IFNG;CCL5;GNA11;BDKRB2;IL12B;FAS;TLR6;CD247;PLCB2
KEGG_2021_Human,Alcoholism,51/186,0.9998089137548044,0.9999964758714786,0,0,0.574185708027753,0.0001097294752225564,CALML5;CALML6;CALML3;H2AC15;SLC6A3;H2AC11;H2AC13;H2AC14;GNGT2;H2BC21;HRAS;SLC18A1;H3C8;H2BC18;H4C15;ADORA2A;H4C14;H2BC11;SLC29A1;CREB5;SHC2;DDC;SHC3;MAOA;HDAC9;CAMKK1;GNAI1;NRAS;H3C14;H3C10;DRD1;DRD2;H3C4;H3C6;H4C8;H2BC9;NTRK2;H2BC7;H4C9;H2BC8;H2BC5;H2BC6;H2BC4;GNG11;GRIN2B;GRIN2D;GRIN3A;CAMK4;PPP1R1B;GNB4;FOSB
KEGG_2021_Human,Cellular senescence,41/156,0.9998230790055516,0.9999964758714786,0,0,0.5420959912524368,9.591664694332604e-05,LIN54;CALML5;TRAF3IP2;CALML6;PIK3CD;CALML3;LIN9;FOXO3;ETS1;KIR2DL4;CCNB3;CCNB2;CCNB1;NRAS;MYC;RASSF5;E2F1;E2F2;MYBL2;NBN;E2F5;HRAS;MAP2K3;GADD45A;HLA-B;HLA-C;NFATC2;HLA-A;HLA-F;CDC25A;NFATC4;CCNA2;RBL2;CCNA1;CDK6;MRAS;RBL1;CCNE2;CDK1;MDM2;ATM
KEGG_2021_Human,DNA replication,5/36,0.9998235733840476,0.9999964758714786,0,0,0.2458407938689692,4.337668583882558e-05,FEN1;PRIM1;MCM4;MCM6;MCM2
KEGG_2021_Human,"Growth hormone synthesis, secretion and action",29/119,0.9998392970783024,0.9999964758714786,0,0,0.4902191221024449,7.878597593176323e-05,SHC2;SHC3;IRS1;IRS4;ADCY4;PIK3CD;IRS2;ADCY2;ADCY8;ADCY7;GNAI1;SOCS2;GHR;NRAS;GNA11;PLCG2;JAK2;HRAS;MAP2K3;PRKCG;PRKCB;STAT1;FOS;SSTR3;PTK2;MAPK10;GHRH;PLCB2;CREB5
KEGG_2021_Human,Neurotrophin signaling pathway,29/119,0.9998392970783024,0.9999964758714786,0,0,0.4902191221024449,7.878597593176323e-05,BEX3;SHC2;SHC3;CALML5;CALML6;IRS1;ARHGDIG;PIK3CD;CALML3;FASLG;FOXO3;RAP1B;NTF4;RPS6KA3;NRAS;MAPK7;NTF3;PLCG2;HRAS;NGFR;NTRK2;JUN;RIPK2;NTRK3;MATK;FRS2;PTPN11;MAPK10;CAMK4
KEGG_2021_Human,Mismatch repair,2/23,0.9998488270901033,0.9999964758714786,0,0,0.1452284655014685,2.195626936807915e-05,MSH2;EXO1
KEGG_2021_Human,Coronavirus disease,66/232,0.999849301344088,0.9999964758714786,0,0,0.6038834236026676,9.101127807528136e-05,RPL5;CSF3;RPL3;RPL32;RPL34;CGAS;PIK3CD;ADAR;RPL10A;RPL9;IFIH1;RPS4X;RPL7A;TBK1;IL12B;RPS10;IKBKE;IL6R;RPS13;PRKCG;RPL21;SYK;RPS7;PRKCB;RPS8;MMP1;RPL22;RPS6;CYBB;RPS3A;FOS;TNFRSF1A;ACE2;OAS1;OAS2;OAS3;RPL37A;RPL24;TLR8;TLR7;MASP1;RPL29;IL6ST;IRF9;CFD;RPL10;RPS10-NUDT3;RPL12;RPL11;TMPRSS2;EGFR;C2;PLCG2;RPL13;RPL18;JUN;ACE;STAT1;STAT2;MX2;MX1;EIF2AK2;RPL35A;IL2;MAPK10;CXCL10
KEGG_2021_Human,Oxytocin signaling pathway,40/154,0.9998593926011452,0.9999964758714786,0,0,0.5334901897873972,7.501794206301203e-05,RYR1;MYLK2;RYR2;OXTR;CALML5;CALML6;NPR1;NPR2;ADCY4;CALML3;MYL6B;ADCY2;ADCY8;ADCY7;MYLK3;PIK3CG;PRKAG3;EGFR;GNAI1;PIK3R5;CACNG6;RGS2;NRAS;MAPK7;CD38;CACNG1;HRAS;PRKCG;MEF2C;JUN;PLA2G4F;PRKCB;KCNJ14;NFATC2;FOS;NFATC4;RCAN1;CAMK4;MYL9;PLCB2
KEGG_2021_Human,Lysine degradation,12/63,0.9998600851955646,0.9999964758714786,0,0,0.3583605044143702,5.014344787967613e-05,NSD3;KMT2D;ALDH2;AADAT;PRDM6;SETMAR;SMYD1;BBOX1;PLOD2;ALDH7A1;AASS;EZH2
KEGG_2021_Human,Pyrimidine metabolism,10/56,0.9998687804044034,0.9999964758714786,0,0,0.3311476852666784,4.345591653969519e-05,NT5C3A;RRM2;ENTPD3;RRM2B;ENTPD8;CMPK2;UPP2;NME4;NT5M;DCK
KEGG_2021_Human,Viral carcinogenesis,56/203,0.9998694550000832,0.9999964758714786,0,0,0.5787974645190221,7.5564047319091e-05,PIK3CD;CDC20;CASP8;H2BC21;CCR8;SKP2;CCR5;CCR4;HRAS;JAK3;CCR3;SYK;ACTN1;HLA-B;HLA-C;HLA-A;TRAF1;HLA-F;YWHAZ;H2BC18;CCNA2;RBL2;KAT2B;CCNA1;RBL1;CCNE2;H4C15;H4C14;H2BC11;TRAF5;IL6ST;IRF9;CREB5;SP100;HPN;HDAC9;NRAS;PMAIP1;GTF2A1L;H4C8;H2BC9;JUN;H2BC7;H4C9;GSN;H2BC8;H2BC5;H2BC6;H2BC4;EIF2AK2;GTF2H3;CDK6;REL;CDK1;MDM2;LTBR
KEGG_2021_Human,Other glycan degradation,1/18,0.9998826697562851,0.9999964758714786,0,0,0.0897183339404256,1.0527291583841884e-05,NEU3
KEGG_2021_Human,Neutrophil extracellular trap formation,51/189,0.999893946414486,0.9999964758714786,0,0,0.5615624084180726,5.9558865174083554e-05,ITGAM;NCF1;ITGB2;PIK3CD;H2AC15;ITGAL;H2AC11;H2AC13;FCGR3A;H2AC14;FCGR3B;H2BC21;RAC2;CAMP;PRKCG;H3C8;CR1;SYK;PRKCB;CYBB;GP1BA;H2BC18;H4C15;H4C14;H2BC11;TLR8;TLR7;PADI4;PLCB2;SELPLG;FPR1;FPR3;FPR2;HDAC9;CLEC7A;H3C14;PLCG2;H3C10;FCGR1A;H3C4;ELANE;H3C6;H4C8;H2BC9;H2BC7;H4C9;H2BC8;H2BC5;H2BC6;H2BC4;CR1L
KEGG_2021_Human,Insulin resistance,25/108,0.999897992578667,0.9999964758714786,0,0,0.4582787990598469,4.675022301908584e-05,SLC27A1;IRS1;PIK3CD;IRS2;PYGL;SLC2A4;ACACB;PRKAG3;RPS6KA3;CD36;PCK1;PPARGC1A;PTPN1;PRKCB;PTPN11;AGT;TNFRSF1A;MAPK10;MLXIPL;PPP1R3B;PPP1R3D;PRKCQ;SLC27A3;OGT;CREB5
KEGG_2021_Human,ErbB signaling pathway,18/85,0.9999030020833276,0.9999964758714786,0,0,0.4089393458240711,3.9668188487275294e-05,PRKCG;SHC2;JUN;SHC3;PRKCB;EGF;PIK3CD;NRG1;CBL;EGFR;PTK2;MAPK10;NRAS;MYC;PLCG2;PAK6;HRAS;PAK5
KEGG_2021_Human,Insulin signaling pathway,34/137,0.9999033126424728,0.9999964758714786,0,0,0.5019737814794737,4.853686496755988e-05,SHC2;SHC3;CALML5;CALML6;IRS1;PDE3B;IRS4;PIK3CD;CALML3;IRS2;PYGL;SLC2A4;CBL;ACACB;PRKAG3;SOCS2;LIPE;NRAS;PHKG1;PCK1;PPARGC1A;HRAS;PTPN1;PKLR;RPS6;SORBS1;GCK;MAPK10;PRKAR1B;PPP1R3B;EIF4E1B;HKDC1;PPP1R3D;TRIP10
KEGG_2021_Human,Adrenergic signaling in cardiomyocytes,38/150,0.999912690378049,0.9999964758714786,0,0,0.5158211202205616,4.50381131597403e-05,RYR2;CALML5;CALML6;ATP2A3;ADCY4;ATP1A3;CALML3;ADRB1;ADRA1D;ADCY2;ATP1A2;ADRA1B;ADCY8;ADRA1A;ADCY7;SLC8A1;PIK3CG;GNAI1;SLC8A2;PIK3R5;SLC9A1;CACNG6;TNNI3;CACNG1;SCN1B;TPM2;TPM1;ATP1B2;AGT;PPP1R1A;KCNQ1;TNNT2;MYL3;PLCB2;SCN4B;MYH6;CREB5;RAPGEF4
KEGG_2021_Human,HIF-1 signaling pathway,25/109,0.9999205927785916,0.9999964758714786,0,0,0.45278537324424,3.595585597990322e-05,PFKFB3;TFRC;PIK3CD;HIF1A;EGFR;LDHC;PLCG2;ELOC;IL6R;PDK1;PRKCG;ANGPT4;EDN1;EGLN3;ANGPT1;PRKCB;EGF;RPS6;CYBB;TF;IFNG;EIF4E1B;HKDC1;LTBR;LDHAL6A
KEGG_2021_Human,Colorectal cancer,18/86,0.9999264871131444,0.9999964758714786,0,0,0.4028920078669766,2.9618843286044432e-05,TCF7L2;JUN;TCF7L1;EGF;GADD45A;LEF1;PIK3CD;FOS;EGFR;MAPK10;NRAS;MSH2;MYC;RAC2;RAC3;BIRC5;PMAIP1;HRAS
KEGG_2021_Human,Propanoate metabolism,4/34,0.9999266622479394,0.9999964758714786,0,0,0.2032195533080489,1.490421174175327e-05,LDHC;ACSS3;ACACB;LDHAL6A
KEGG_2021_Human,Renal cell carcinoma,13/69,0.9999341414501732,0.9999964758714786,0,0,0.3534588750067803,2.32790555022199e-05,EGLN3;JUN;PIK3CD;PTPN11;ETS1;HIF1A;RAP1B;NRAS;PAK6;ELOC;HRAS;MET;PAK5
KEGG_2021_Human,Pentose phosphate pathway,3/30,0.9999408392386256,0.9999964758714786,0,0,0.1693703563252293,1.002037564391404e-05,PRPS1;RGN;PGLS
KEGG_2021_Human,Porphyrin and chlorophyll metabolism,6/43,0.9999415012669716,0.9999964758714786,0,0,0.2470778821309929,1.4454165843328254e-05,UGT2B11;EPRS1;UGT2B28;UGT2B17;CP;UGT2B7
KEGG_2021_Human,Platelet activation,29/124,0.9999509957727156,0.9999964758714786,0,0,0.464224543603778,2.2749522461631604e-05,MYLK2;SNAP23;ADCY4;PIK3CD;ADCY2;RASGRP2;ADCY8;RASGRP1;ADCY7;MYLK3;PIK3CG;GNAI1;PIK3R5;RAP1B;GNA13;PLCG2;PRKG2;PLA2G4F;SYK;GP1BB;ITGA2;GP1BA;GP5;APBB1IP;P2RX1;BTK;LCP2;PLCB2;FERMT3
KEGG_2021_Human,Yersinia infection,33/137,0.9999525919568816,0.9999964758714786,0,0,0.4824236479166056,2.2871303247927e-05,WIPF1;ARHGEF28;WIPF3;WAS;PIK3CD;RPS6KA3;TBK1;RAC2;RAC3;PTK2B;MAP2K3;ACTR3;IL10;ACTR2;JUN;FYB1;ITGA4;FN1;IL18;NFATC2;FOS;IL2;PTK2;VAV1;MAPK10;ZAP70;CD4;CD8B;CD8A;LCK;ELMO1;ELMO2;LCP2
KEGG_2021_Human,PI3K-Akt signaling pathway,105/354,0.9999575717784795,0.9999964758714786,0,0,0.6391991322956058,2.712065772542401e-05,CSF3;IRS1;FGF1;FGF2;TCL1B;TCL1A;FGF9;IBSP;MYC;TNR;IL6R;MAGI1;PDGFRB;RPS6;PGF;CCNE2;COL4A4;EIF4E1B;COL4A3;EPHA2;PDGFA;EFNA5;FOXO3;EFNA4;PIK3R5;CD19;PDGFD;PCK1;FGF22;NGFR;FN1;IGF2;GNG11;PTK2;IL2;EFNA1;FGF17;FGF16;NR4A1;EFNA3;CDK6;LPAR5;FGF19;ITGA10;ITGA11;COL9A1;GNB4;MDM2;COL9A3;COL9A2;IL7R;FGFR2;FGF10;FGFR1;HSP90AB1;ITGB5;LAMC3;PIK3CD;FASLG;LAMC2;BRCA1;PIK3CG;GHR;GNGT2;ITGB8;ITGB7;ITGB6;JAK2;HRAS;JAK3;SYK;ITGA4;ITGA2;YWHAZ;RBL2;KIT;ITGA7;COL6A6;COL6A5;SGK2;MET;CREB5;TNXB;PKN3;LAMA1;LAMA3;IL2RG;EGFR;NTF4;NRAS;NTF3;ANGPT4;NTRK2;ANGPT1;LAMB3;EGF;LAMB2;LAMB4;VEGFB;VEGFC;VEGFD;EPOR;IL2RA;IL2RB;PIK3AP1
KEGG_2021_Human,RNA polymerase,3/31,0.999960845350377,0.9999964758714786,0,0,0.1633078714989977,6.39438767504386e-06,POLR3A;POLR1B;POLR2K
KEGG_2021_Human,Peroxisome,16/82,0.9999669321960636,0.9999964758714786,0,0,0.3689464920156234,1.2200451983230587e-05,ABCD2;PHYH;EPHX2;MPV17L;ACSL6;ACSL5;PEX2;PEX10;PEX12;DDO;DHRS4;NUDT7;AGPS;PEX11G;DECR2;XDH
KEGG_2021_Human,Oocyte meiosis,30/129,0.9999671040744184,0.9999964758714786,0,0,0.4607336684962256,1.5156509766885224e-05,CALML5;CALML6;ADCY4;CALML3;ADCY2;FBXO43;ADCY8;ADCY7;AURKA;CDC20;RPS6KA3;CCNB2;CCNB1;PTTG1;PLCZ1;FBXO5;BUB1;SPDYC;PLK1;CDC25C;SMC1A;YWHAZ;SGO1;AR;CPEB1;CCNE2;ESPL1;CDK1;CPEB2;MAD2L1
KEGG_2021_Human,Fatty acid elongation,2/27,0.9999741731110012,0.9999964758714786,0,0,0.1219514661274014,3.149667652156698e-06,HACD1;ACOT1
KEGG_2021_Human,Pathogenic Escherichia coli infection,51/197,0.9999762743629558,0.9999964758714786,0,0,0.5304364641750247,1.2585092319295396e-05,CYFIP2;WIPF1;WIPF3;FASLG;CLDN1;CLDN22;CLDN20;BAIAP2L1;CASP8;CLDN23;ACTR3;ACTR2;IL18;FOS;TNFRSF1A;CLDN11;CLDN5;CLDN10;TUBB2B;TUBB2A;CLDN9;CLDN8;CLDN7;HCLS1;TUBAL3;CYTH3;GNA13;CYTH2;TUBA3D;TUBA3C;CYTH4;NLRP4;NCKAP1L;MYH11;WASF1;CYTH1;WASF3;JUN;SEC24A;MYO10;MYO5A;TNFRSF10A;PTPN11;TUBB4B;MAPK10;LPAR5;FAS;PTPN6;MYO1H;MYO1F;MYO1G
KEGG_2021_Human,Tight junction,42/169,0.9999765472245428,0.9999964758714786,0,0,0.50240661609372,1.178296772760693e-05,TUBAL3;WAS;NEDD4L;PARD6G;CD1E;MYL6B;CD1D;CLDN1;CD1B;YBX3;CD1A;PRKAG3;CLDN22;EPB41L4B;CLDN20;PARD6B;TUBA3D;TUBA3C;CLDN23;MARVELD3;MYH11;SYNPO;JAM2;RAB8B;MAGI1;ACTR3;ACTR2;JUN;ACTN1;MSN;CLDN11;RAP2C;MAPK10;CLDN5;TIAM1;CLDN10;CLDN9;CLDN8;CLDN7;HCLS1;MYL9;RAPGEF6
KEGG_2021_Human,N-Glycan biosynthesis,7/50,0.9999787739568348,0.9999964758714786,0,0,0.2479433884017988,5.262912920357088e-06,B4GALT2;ST6GAL1;ST6GAL2;MAN1A2;MGAT4A;ALG10;ALG10B
KEGG_2021_Human,Fructose and mannose metabolism,3/33,0.999982043224577,0.9999964758714786,0,0,0.152395398811781,2.736554521889517e-06,PFKFB3;PMM1;HKDC1
KEGG_2021_Human,Taste transduction,16/86,0.9999875354756912,0.9999964758714786,0,0,0.3477480736533661,4.334541331486301e-06,GABBR1;PDE1C;GABRA3;ADCY4;PKD2L1;HTR3A;ADCY8;CALHM1;GRM4;SCNN1B;SCN9A;SCNN1A;TAS1R1;ASIC2;SCN2A;PLCB2
KEGG_2021_Human,Protein export,1/23,0.9999880866160792,0.9999964758714786,0,0,0.0692990820628884,8.25591487779134e-07,IMMP2L
KEGG_2021_Human,MAPK signaling pathway,81/294,0.999988488670816,0.9999964758714786,0,0,0.5764182952945556,6.635378935827626e-06,RASGRF1;FASLG;ECSIT;FGF1;FGF2;ELK4;RPS6KA3;FGF9;MYC;RAC2;RAC3;MAP3K6;HRAS;PRKCG;MAP4K1;MAP2K3;PDGFRB;MEF2C;PLA2G4F;PRKCB;DUSP1;FOS;DUSP8;DUSP9;DUSP6;PGF;MAPK8IP1;DUSP7;TNFRSF1A;MRAS;KIT;MAPT;MET;EPHA2;PDGFA;EFNA5;RASGRP2;STK4;CACNA1E;EFNA4;RASGRP1;EGFR;CACNA1G;RASGRP3;NTF4;RAP1B;CACNG6;CACNA1I;NRAS;MAPK7;PDGFD;NTF3;CACNG1;FGF22;MAP3K2;NGFR;ANGPT4;NTRK2;JUN;JUND;ANGPT1;GADD45A;EGF;IGF2;VEGFB;VEGFC;VEGFD;EFNA1;FGF17;MAPK10;FGF16;NR4A1;EFNA3;TAOK3;FGF19;FAS;PTPN7;PTPN5;FGFR2;FGF10;FGFR1
KEGG_2021_Human,"Valine, leucine and isoleucine degradation",6/48,0.999988784579543,0.9999964758714786,0,0,0.217573524098562,2.440192236995622e-06,IL4I1;ALDH2;AOX1;HMGCS2;ALDH7A1;AACS
KEGG_2021_Human,Chronic myeloid leukemia,13/76,0.999989773468048,0.9999964758714786,0,0,0.3140028487452864,3.2111765853183683e-06,SHC2;SHC3;GADD45A;PIK3CD;PTPN11;CBL;NRAS;CDK6;MYC;E2F1;MDM2;E2F2;HRAS
KEGG_2021_Human,Pancreatic cancer,13/76,0.999989773468048,0.9999964758714786,0,0,0.3140028487452864,3.2111765853183683e-06,EGF;GADD45A;STAT1;PIK3CD;BRCA2;EGFR;MAPK10;CDK6;RAD51;RAC2;E2F1;RAC3;E2F2
KEGG_2021_Human,Human cytomegalovirus infection,58/225,0.9999898009362022,0.9999964758714786,0,0,0.526926289986219,5.374182254191333e-06,CALML5;CALML6;CCL4L2;CGAS;PIK3CD;CALML3;FASLG;CX3CL1;TBK1;GNGT2;CASP8;MYC;RAC2;RAC3;CCR5;B2M;HRAS;IL6R;CCR3;PRKCG;PRKCB;HLA-B;TAP2;HLA-C;TAP1;HLA-A;HLA-F;TNFRSF1A;TRAF5;PLCB2;CREB5;CCL3L3;ADCY4;CXCR4;ADCY2;ADCY8;ADCY7;EGFR;GNAI1;GNA13;NRAS;CCL5;GNA11;CCL4;E2F1;E2F2;PTK2B;CCR1;IL10RA;NFATC2;GNG11;PTK2;NFATC4;CDK6;CXCL12;GNB4;MDM2;FAS
KEGG_2021_Human,NOD-like receptor signaling pathway,44/181,0.9999899055135966,0.9999964758714786,0,0,0.4876283400884816,4.922382493455437e-06,NLRX1;HSP90AB1;TNFAIP3;NOD2;CXCL3;CXCL2;GABARAP;TXN2;PSTPIP1;TBK1;CASP12;CASP8;NLRP6;CCL5;NLRP1;GBP2;IKBKE;GBP1;CAMP;GBP4;GBP3;GBP5;GABARAPL1;JUN;RIPK3;RIPK2;STAT1;CARD8;STAT2;TRPV2;IL18;CYBB;MAPK10;P2RX7;AIM2;OAS1;OAS2;OAS3;TRIP6;TRAF5;PYDC1;PLCB2;IRF9;BIRC3
KEGG_2021_Human,Longevity regulating pathway,20/102,0.9999909483152676,0.9999964758714786,0,0,0.3708899009436002,3.3571936479731377e-06,IRS1;ADIPOQ;IRS4;ADCY4;PIK3CD;IRS2;ADCY2;FOXO3;ADCY8;ADIPOR2;ADCY7;PRKAG3;NRAS;EIF4E1B;CAMK4;PPARG;PPARGC1A;HRAS;CRYAB;CREB5
KEGG_2021_Human,Human papillomavirus infection,92/331,0.9999912052364456,0.9999964758714786,0,0,0.5830160399431279,5.127510767454605e-06,ITGB5;LAMC3;PIK3CD;FASLG;LAMC2;FZD10;OASL;TBK1;CASP8;HEY1;IBSP;HEY2;TNR;ITGB8;ITGB7;ITGB6;HRAS;IKBKE;MAGI1;PDGFRB;ATP6V1G2;WNT5B;ITGA4;ITGA2;HLA-B;HLA-C;HLA-A;HLA-F;WNT16;TNFRSF1A;CCNA2;RBL2;CCNA1;RBL1;CCNE2;COL4A4;IRF1;COL4A3;ATP6V1B2;ITGA7;COL6A6;COL6A5;IRF9;ATP6V1B1;CREB5;ATP6V1A;TNXB;LAMA1;NOTCH4;LAMA3;PARD6G;EGFR;WNT6;NRAS;PARD6B;WNT11;TERT;E2F1;HES1;ATP6V0E2;WNT1;HES2;ATP6V1C1;WNT4;HES4;FZD1;TCF7L2;TCF7L1;LAMB3;FZD4;STAT1;WNT3A;EGF;LAMB2;FZD7;STAT2;MX2;FZD6;LAMB4;MX1;FN1;EIF2AK2;PTK2;CDK6;ITGA10;ITGA11;COL9A1;MDM2;FAS;ATM;COL9A3;COL9A2
KEGG_2021_Human,Serotonergic synapse,23/113,0.9999915769683536,0.9999964758714786,0,0,0.388498852419775,3.2723519100981326e-06,PRKCG;APP;GABRB2;PLA2G4F;DDC;KCND2;PRKCB;MAOA;DUSP1;ALOX15;HTR3A;ALOX15B;GNG11;GNAI1;SLC6A4;NRAS;CYP4X1;GNGT2;GNB4;KCNN2;HRAS;SLC18A1;PLCB2
KEGG_2021_Human,mTOR signaling pathway,35/154,0.9999919623382538,0.9999964758714786,0,0,0.4467198733789746,3.5905976675380346e-06,ATP6V1A;PRR5;IRS1;PIK3CD;FZD10;RPS6KA3;WNT6;NRAS;DEPTOR;WNT11;GRB10;SKP2;WNT1;HRAS;ATP6V1C1;WNT4;PRKCG;FZD1;ATP6V1G2;WNT5B;PRKCB;FZD4;WNT3A;FZD7;RPS6;FZD6;CASTOR1;WNT16;TNFRSF1A;TTI1;SLC7A5;CASTOR2;EIF4E1B;ATP6V1B2;ATP6V1B1
KEGG_2021_Human,Herpes simplex virus 1 infection,89/498,0.999992889643536,0.9999964758714786,0,0,0.3247234351687666,2.3089075848348035e-06,PIK3CD;CGAS;FASLG;IFIH1;TBK1;ZNF81;CASP8;ZNF727;ZNF404;IL12B;ZNF205;JAK2;HLA-DOA;IKBKE;HLA-DOB;B2M;ZNF641;HLA-DPA1;ZIK1;ZNF560;SYK;TAP2;HLA-B;TAP1;HLA-C;HLA-A;HCFC2;HLA-F;TNFRSF1A;IFNG;OAS1;ZNF716;OAS2;OAS3;TRAF5;ZNF714;LTA;ZNF556;ZNF780A;ZNF114;ZNF433;ZNF675;ZNF157;IRF9;HLA-DQB1;ZNF233;ZNF552;BIRC3;ZNF154;ZNF550;ZNF671;SP100;HLA-DMA;HLA-DMB;ZFP57;CCL5;ZNF823;ZNF107;ZNF304;ZNF425;ZNF623;ZNF589;HLA-DQA2;ZNF587;ZNF543;HLA-DQA1;ZNF267;ZNF101;ZNF860;CD74;HLA-DRB5;ZNF382;STAT1;STAT2;EIF2AK2;PTPN11;PILRB;POU2F2;BST2;ZNF417;HLA-DPB1;HLA-DRA;FAS;ZNF534;ZNF611;ZNF334;HLA-DRB1;ZNF454;NECTIN1
KEGG_2021_Human,Necroptosis,36/159,0.9999929619130976,0.9999964758714786,0,0,0.444448572436981,3.128078684262556e-06,HSP90AB1;ALOX15;TNFAIP3;FASLG;PYGL;H2AC15;H2AC11;H2AC13;H2AC14;CASP8;FTH1;STAT4;JAK2;JAK3;ZBP1;PLA2G4F;TICAM2;MLKL;PARP1;RIPK3;STAT1;STAT2;CYBB;EIF2AK2;TNFRSF10A;TNFRSF1A;SPATA2L;MAPK10;CYLD;GLUD2;IFNG;TRAF5;CHMP4C;FAS;IRF9;BIRC3
KEGG_2021_Human,Pathways of neurodegeneration,90/475,0.9999929729044832,0.9999964758714786,0,0,0.349603617241654,2.4567066431842426e-06,RYR1;APP;RYR2;CALML5;CALML6;COX4I1;LRRK2;COX4I2;ATP2A3;FASLG;CALML3;UBE2L6;FZD10;SLC6A3;TBK1;CASP12;CASP8;PSMD1;NOS1;SPG11;HRAS;PRKCG;MAP2K3;GABARAPL1;GPX2;TRPC3;WNT5B;PRKCB;GPX3;CSNK2A3;TPTEP2-CSNK1E;CYBB;CSNK1E;COX6B2;WNT16;TNFRSF1A;DKK4;TUBB2B;TUBB2A;HAP1;MAPT;PLCB2;STX1A;GRIA1;PRKN;GRIA2;PSMD11;PSMD14;UBA7;TUBAL3;DNAH8;DERL1;DNAH9;UBE2J2;COX7A1;GABARAP;PSMA8;WNT6;NRAS;TUBA3D;TUBA3C;WNT11;WNT1;GRIA3;GRIA4;PRPH;WNT4;SNCA;FZD1;PRNP;DNAH10;DNAH17;FZD4;WNT3A;FZD7;FZD6;SEPTIN5;RAB39B;SNCAIP;TUBB4B;COX6C;GRIN2B;ATP5F1D;COX7B2;GRIN2D;MAPK10;PINK1;FAS;DNAL4;CDK5R1
KEGG_2021_Human,Olfactory transduction,18/440,0.9999931069216536,0.9999964758714786,0,0,0.0630086863826906,4.3432530866358374e-07,CALML5;PDE1C;CALML6;OR2H2;PDE2A;CALML3;OR52N4;SLC8A1;NCALD;SLC8A2;OR52N2;RGS2;OR2W3;OR2L13;OR7A5;OR56B1;PRKG2;OR13A1
KEGG_2021_Human,Alzheimer disease,60/369,0.9999934105328806,0.9999964758714786,0,0,0.2911632437617589,1.91861694248453e-06,APP;CALML5;CALML6;IRS1;COX4I1;COX4I2;IRS4;ATP2A3;PIK3CD;CALML3;IRS2;FZD10;CASP12;CASP8;PSMD1;NOS1;HRAS;MME;WNT5B;CSNK2A3;TPTEP2-CSNK1E;CYBB;CSNK1E;COX6B2;WNT16;TNFRSF1A;DKK4;TUBB2B;TUBB2A;MAPT;PLCB2;PSMD11;PSMD14;TUBAL3;LPL;COX7A1;PSMA8;WNT6;NRAS;TUBA3D;TUBA3C;WNT11;WNT1;WNT4;SNCA;FZD1;FZD4;WNT3A;FZD7;FZD6;EIF2AK2;COX6C;TUBB4B;GRIN2B;ATP5F1D;COX7B2;GRIN2D;MAPK10;FAS;CDK5R1
KEGG_2021_Human,Amyotrophic lateral sclerosis,50/364,0.9999934338437124,0.9999964758714786,0,0,0.2383675347143477,1.565163625353116e-06,NUP107;COX4I1;COX4I2;TBK1;CASP12;PSMD1;NOS1;SPG11;MAP2K3;GABARAPL1;GPX2;NUP210;GPX3;NRG1;COX6B2;TNFRSF1A;TUBB2B;TUBB2A;ANG;HAP1;PRKN;GRIA1;GRIA2;PSMD11;PSMD14;TUBAL3;DNAH8;DERL1;DNAH9;COX7A1;GABARAP;PSMA8;TUBA3D;TUBA3C;PRPH;DNAH10;DNAH17;NUP155;RAB39B;CHCHD10;NUP153;COX6C;TUBB4B;GRIN2B;ATP5F1D;COX7B2;GRIN2D;SETX;PINK1;DNAL4
KEGG_2021_Human,MicroRNAs in cancer,70/310,0.999993705133341,0.9999964758714786,0,0,0.4404746727859935,2.7727380588894896e-06,MIR29B2;IRS1;MIR146A;PIK3CD;IRS2;BRCA1;BMI1;MIR106B;GLS;MIR155;MYC;TNR;HRAS;SOX4;TP63;PRKCG;PDGFRB;MIR23B;PRKCB;MIR23A;TPM1;MIR27B;MIR27A;MIRLET7I;KIF23;CDC25C;MIRLET7D;MMP9;SERPINB5;CDC25A;MIRLET7B;MIR324;MIR126;MMP16;CCNE2;COMMD3-BMI1;MET;TNXB;CDCA5;NOTCH4;PDGFA;MIRLET7A3;EFNA5;EFNA4;MIR205;EGFR;MIR214;NRAS;MAPK7;MIR210;MIR331;PLCG2;E2F1;E2F2;BMF;ST14;WNT3A;MIR200A;MIR29C;MIR200B;EFNA1;MIR224;EFNA3;CDK6;MIR141;MDM2;SPRY2;ATM;VIM;EZH2
KEGG_2021_Human,Endocytosis,63/252,0.9999937128866756,0.9999964758714786,0,0,0.5051161210886087,3.1757322783137384e-06,WASHC4;WASHC5;TFRC;WIPF1;SH3KBP1;WIPF3;CLTC;CLTB;CLTA;PSD2;PSD3;CCR5;HRAS;SH3GL2;ACTR3;ACTR2;HLA-B;ARAP2;HLA-C;ARAP3;VPS37D;HLA-A;HLA-F;DNM1;ACAP2;ACAP1;RAB31;DNAJC6;CHMP4C;ARF5;AGAP2;NEDD4L;CXCR4;PARD6G;ASAP1;AGAP3;CBL;IL2RG;EGFR;CYTH3;CYTH2;PARD6B;RAB11FIP1;CYTH4;GRK4;CLTCL1;CYTH1;ARFGEF1;ARFGEF2;CAV2;CAV1;IQSEC3;WWP1;EHD2;ITCH;CAPZA3;IL2RA;IL2RB;MDM2;FOLR3;SMAP2;FOLR1;FGFR2
KEGG_2021_Human,Huntington disease,44/306,0.9999937268611456,0.9999964758714786,0,0,0.2523138403639291,1.5828047200372357e-06,GRIA1;GRIA2;PSMD11;PSMD14;TUBAL3;DNAH8;COX4I1;CLTC;COX4I2;CLTB;CLTA;SLC1A3;DNAH9;COX7A1;PSMA8;TUBA3D;TUBA3C;CASP8;CLTCL1;PSMD1;PPARGC1A;GRIA3;POLR2K;GRIA4;GPX2;DNAH10;KCNJ10;DNAH17;GPX3;COX6C;TUBB4B;COX6B2;GRIN2B;ATP5F1D;COX7B2;MAPK10;TUBB2B;TUBB2A;PPARG;HAP1;PLCB2;DNAL4;STX1A;CREB5
KEGG_2021_Human,Prion disease,37/273,0.9999939162483492,0.9999964758714786,0,0,0.2358561613623013,1.4348946757859058e-06,RYR1;RYR2;PSMD11;NCF1;PSMD14;TUBAL3;COX4I1;COX4I2;PIK3CD;COX7A1;PSMA8;STIP1;TUBA3D;CASP12;TUBA3C;CCL5;RAC2;PSMD1;NCAM1;EGR1;PRNP;CAV2;CSNK2A3;CAV1;CYBB;COX6C;TUBB4B;COX6B2;GRIN2B;ATP5F1D;COX7B2;GRIN2D;MAPK10;TUBB2B;GRIN3A;TUBB2A;CREB5
KEGG_2021_Human,Hepatitis B,36/162,0.9999939311840595,0.9999964758714786,0,0,0.4337576614804337,2.632403398079594e-06,PIK3CD;FASLG;IFIH1;NRAS;TBK1;CASP12;CASP8;CASP10;MYC;E2F1;STAT4;E2F2;PTK2B;JAK2;HRAS;IKBKE;JAK3;MAP2K3;PRKCG;JUN;TICAM2;PRKCB;STAT1;STAT2;NFATC2;FOS;MMP9;YWHAZ;NFATC4;CCNA2;MAPK10;CCNA1;CCNE2;BIRC5;FAS;CREB5
KEGG_2021_Human,Salmonella infection,57/249,0.99999406033884,0.9999964758714786,0,0,0.4494121484026982,2.669363810277458e-06,CYFIP2;HSP90AB1;CSE1L;PIK3CD;PIK3C2G;PIK3CG;TXN2;CASP8;MYC;HRAS;MAP2K3;ACTR3;ACTR2;RIPK3;RIPK2;VPS33A;IL18;RHOH;FOS;RHOB;TNFRSF1A;TUBB2B;MYL7;TUBB2A;RHOJ;ELMO1;ELMO2;TLR6;MYL9;EXOC2;BIRC3;TUBAL3;LEF1;CYTH3;CYTH2;TUBA3D;TUBA3C;CYTH4;PODXL;NCKAP1L;RILP;DYNC1I1;CYTH1;WASF3;S100A10;TCF7L2;JUN;TCF7L1;MLKL;AHNAK2;TNFRSF10A;TUBB4B;MAPK10;PTPRC;VPS41;DYNLRB2;ACBD3
KEGG_2021_Human,Parkinson disease,40/249,0.9999940669626876,0.9999964758714786,0,0,0.2886855534476619,1.7127872411889795e-06,PRKN;PSMD11;CALML5;PSMD14;UBA7;TUBAL3;CALML6;MAOA;COX4I1;LRRK2;COX4I2;CALML3;UBE2L6;UBE2J2;COX7A1;SLC6A3;GNAI1;PSMA8;TXN2;TUBA3D;TUBA3C;PSMD1;DRD1;DRD2;SLC18A1;SNCA;DUSP1;SEPTIN5;COX6C;SNCAIP;TUBB4B;COX6B2;ATP5F1D;COX7B2;MAPK10;TUBB2B;PINK1;TUBB2A;ADORA2A;MAPT
KEGG_2021_Human,Shigellosis,44/246,0.9999940866630276,0.9999964758714786,0,0,0.3289191943336646,1.945015783563895e-06,CGAS;PIK3CD;FOXO3;GABARAP;EGFR;CYTH3;CYTH2;TBK1;CYTH4;CAPNS1;PLCZ1;H3C14;CCL5;PLCG2;H3C10;WASF1;H3C4;CYTH1;H3C6;ACTR3;H3C8;ACTR2;GABARAPL1;JUN;RIPK2;ACTN1;IL18;SEPTIN6;PTK2;TNFRSF1A;MAPK10;MYL7;HKDC1;TRAF5;ELMO1;MDM2;UBE2N;HCLS1;ELMO2;PRKCQ;ATM;PLCD3;MYL9;PLCB2
KEGG_2021_Human,Thermogenesis,39/232,0.9999941816053238,0.9999964758714786,0,0,0.3051744386873921,1.7756304950268363e-06,KLB;SMARCD3;NPR1;COX4I1;COX4I2;ADCY4;ADCY2;ADCY8;ADCY7;COX7A1;PRKAG3;LIPE;RPS6KA3;NRAS;SLC25A29;CNR1;DPF3;PRKG2;PPARGC1A;HRAS;MAP2K3;COA1;RPS6;ACSL6;ACSL5;FRS2;COX6C;COX6B2;ATP5F1D;COX7B2;NDUFAF6;NDUFAF4;NDUFAF2;PPARG;PLIN1;MGLL;PNPLA2;FGFR1;CREB5
KEGG_2021_Human,Lipid and atherosclerosis,50/215,0.99999418429082,0.9999964758714786,0,0,0.4593621874903665,2.6715246591001747e-06,CD40;HSP90AB1;CALML5;NCF1;CALML6;PIK3CD;CALML3;FASLG;VLDLR;CXCL3;CXCL2;TBK1;CASP8;IL12B;OLR1;CD36;LBP;JAK2;HRAS;IKBKE;MAP2K3;TICAM2;MMP1;IL18;CYBB;FOS;MMP9;VAV1;TNFRSF1A;CYP2A7;CYP2A6;PPARG;TLR6;PLCB2;ABCG1;CCL3L3;RAP1B;NRAS;CCL5;APOB;RXRG;JUN;VCAM1;NFATC2;TNFRSF10A;POU2F2;PTK2;MAPK10;CD40LG;FAS
KEGG_2021_Human,Diabetic cardiomyopathy,29/203,0.9999943952757488,0.9999964758714786,0,0,0.2517860917353625,1.4111955691644898e-06,RYR2;NCF1;IRS1;COX4I1;COX4I2;ATP2A3;PIK3CD;SLC2A4;COX7A1;PDK4;RAC2;TNNI3;CD36;PRKCG;ACE;PARP1;PRKCB;CMA1;MMP2;GSR;CYBB;COX6C;COX6B2;ATP5F1D;COX7B2;MMP9;AGT;MAPK10;PLCB2
KEGG_2021_Human,RNA transport,20/186,0.9999945331236164,0.9999964758714786,0,0,0.1819286265914939,9.945840308477875e-07,CYFIP2;RNU1-4;RNU1-3;RNU1-2;NUP107;RNU1-1;NUP210;NUP155;SNORD3C;NUP153;RPP25L;XPOT;RNVU1-18;EIF4E1B;EEF1A2;TACC3;EIF3F;RNVU1-7;KPNB1;RNU4-2
KEGG_2021_Human,Sphingolipid signaling pathway,23/119,0.9999946033167076,0.9999964758714786,0,0,0.3640355045832805,1.96458962658889e-06,PRKCG;ASAH1;CERS6;PRKCB;PIK3CD;SGMS2;GNAI1;SGPP1;TNFRSF1A;GNA13;MAPK10;SMPD2;NRAS;ADORA1;BDKRB2;RAC2;RAC3;S1PR2;S1PR5;HRAS;PLCB2;S1PR4;CERS1
KEGG_2021_Human,Protein processing in endoplasmic reticulum,21/171,0.9999946640458136,0.9999964758714786,0,0,0.2117116432281768,1.129686642948532e-06,PPP1R15A;PRKN;HSP90AB1;SEC24A;DNAJC5B;FBXO2;EDEM1;DERL3;DERL1;EIF2AK2;SEL1L2;UBE2J2;MAPK10;DNAJC1;CASP12;MAN1A2;BAG1;DNAJC10;CRYAB;UBXN6;TXNDC5
KEGG_2021_Human,Dopaminergic synapse,26/132,0.9999947773651904,0.9999964758714786,0,0,0.3725266944774006,1.9455759626114065e-06,GRIA1;GRIA2;DDC;CALML5;CALML6;MAOA;CALML3;SLC6A3;GNAI1;GNGT2;DRD1;DRD2;SLC18A1;GRIA3;GRIA4;PRKCG;PRKCB;FOS;GNG11;GRIN2B;MAPK10;PPP1R1B;GNB4;CLOCK;PLCB2;CREB5
KEGG_2021_Human,Ribosome,26/158,0.99999478564173,0.9999964758714786,0,0,0.2985009834654865,1.5564951297850903e-06,RPL5;RPL3;RPL32;RPL10;RPS10-NUDT3;RPL34;RPL12;RPL11;RPL10A;RPL9;RPS4X;RPL7A;RPL13;RPL18;RPS10;RPS13;RPL21;RPS7;RPS8;RPL22;RPS6;RPL35A;RPS3A;RPL37A;RPL24;RPL29
KEGG_2021_Human,Non-alcoholic fatty liver disease,26/155,0.999994814819776,0.9999964758714786,0,0,0.3055195213610704,1.5841778873243109e-06,IRS1;COX4I1;COX4I2;PIK3CD;IRS2;FASLG;ADIPOR2;COX7A1;PRKAG3;CASP8;LEPR;IL6R;JUN;PKLR;ADIPOQ;FOS;COX6B2;COX6C;COX7B2;TNFRSF1A;MAPK10;MLXIPL;ITCH;LEP;FAS;PPARG
KEGG_2021_Human,Spliceosome,9/150,0.999994864980404,0.9999964758714786,0,0,0.0964512091727562,4.952801207851039e-07,RNU1-4;RNU1-3;LSM8;RNU1-2;RNU1-1;RNVU1-18;RNVU1-7;CRNKL1;RNU4-2
KEGG_2021_Human,Retrograde endocannabinoid signaling,27/148,0.9999948794306472,0.9999964758714786,0,0,0.3385160432430393,1.7333993144462702e-06,GRIA1;GRIA2;GABRB2;FAAH;ADCY4;ADCY2;ADCY8;ADCY7;GNAI1;RIMS1;GABRR2;GNGT2;CNR1;SLC17A7;GABRE;GRIA3;GRIA4;PRKCG;GABRQ;GABRP;PRKCB;GABRA3;GNG11;MAPK10;GNB4;PLCB2;MGLL
KEGG_2021_Human,Ubiquitin mediated proteolysis,27/140,0.9999948981603324,0.9999964758714786,0,0,0.3627241422257529,1.8505651378583184e-06,PRKN;UBA7;NEDD4L;UBE2L6;KLHL13;BRCA1;UBE2J2;CBL;CDC20;HERC3;HERC1;UBR5;ELOC;SKP2;UBE2C;FBXO2;WWP1;MID1;PIAS1;UBE2W;ITCH;CDC34;MDM2;UBE2N;BIRC6;TRIM37;BIRC3
KEGG_2021_Human,Spinocerebellar ataxia,20/143,0.9999949372827812,0.9999964758714786,0,0,0.2464154106957841,1.2475347006637668e-06,PRKCG;GRIA1;RYR1;GRIA2;PSMD11;PSMD14;TRPC3;PRKCB;KCND3;ATP2A3;PIK3CD;VLDLR;GRIN2B;GRIN2D;PSMA8;MAPK10;GRIN3A;PSMD1;PLCB2;GRIA3
KEGG_2021_Human,Autophagy,17/137,0.9999950017104312,0.9999964758714786,0,0,0.2146616858722721,1.072943946735282e-06,GABARAPL1;IRS1;DAPK1;IRS4;RAB39B;PIK3CD;IRS2;HIF1A;GABARAP;MAPK10;NRAS;DEPTOR;TBK1;MRAS;LAMP1;PRKCQ;HRAS
KEGG_2021_Human,Oxidative phosphorylation,14/133,0.9999950460262346,0.9999964758714786,0,0,0.1782129560685033,8.828644958689226e-07,ATP6V1A;ATP6V1G2;COX4I1;COX4I2;COX6B2;COX6C;COX7A1;COX7B2;ATP5F1D;ATP6V1B2;ATP6V0E2;ATP6V1C1;LHPP;ATP6V1B1
KEGG_2021_Human,AMPK signaling pathway,22/120,0.9999950515786588,0.9999964758714786,0,0,0.3410014791522285,1.6874231718387602e-06,PFKFB3;IRS1;ADIPOQ;IRS4;PIK3CD;IRS2;SLC2A4;FOXO3;ACACB;ADIPOR2;ADRA1A;PRKAG3;CCNA2;LIPE;CCNA1;LEP;LEPR;PPARG;CD36;PCK1;PPARGC1A;CREB5
KEGG_2021_Human,Lysosome,23/128,0.9999950673550916,0.9999964758714786,0,0,0.3325826287935019,1.6405160565543617e-06,ASAH1;DNASE2B;CLTC;AP4E1;CLTB;LAPTM5;CLTA;CTSW;CTSV;AP3B2;CTSS;AP3M2;GNPTG;LAMP1;HYAL1;LAMP3;CTSK;CLTCL1;CTSF;CTSE;ARSB;CTSC;LGMN
KEGG_2021_Human,RIG-I-like receptor signaling pathway,10/70,0.999995096720642,0.9999964758714786,0,0,0.2535846828609986,1.2433995893147876e-06,IFIH1;MAPK10;CXCL10;CYLD;CASP8;TBK1;NLRX1;CASP10;IL12B;IKBKE
KEGG_2021_Human,Glucagon signaling pathway,17/107,0.9999953408280864,0.9999964758714786,0,0,0.2869331532368128,1.3368740030105304e-06,CALML5;CALML6;PDE3B;CALML3;ADCY2;PYGL;ACACB;PRKAG3;GCK;LDHC;PHKG1;SIK2;PCK1;PPARGC1A;PLCB2;LDHAL6A;CREB5
KEGG_2021_Human,Ribosome biogenesis in eukaryotes,8/108,0.999995351839175,0.9999964758714786,0,0,0.1212850999241082,5.637539603359376e-07,FBL;GNL3L;XRN1;CSNK2A3;HEATR1;SNORD3C;FBLL1;RPP25L
KEGG_2021_Human,mRNA surveillance pathway,8/98,0.9999954911799726,0.9999964758714786,0,0,0.1348736543272339,6.081224047641364e-07,SMG1;RNGTT;PABPN1;CSTF2;CPSF2;MSI1;MSI2;BCL2L2-PABPN1
KEGG_2021_Human,RNA degradation,8/79,0.9999957918753108,0.9999964758714786,0,0,0.1712373914623587,7.205898109049454e-07,BTG3;LSM8;CNOT6L;XRN1;CNOT1;LSM1;TOB2;PATL1
KEGG_2021_Human,Basal transcription factors,4/45,0.9999959082737044,0.9999964758714786,0,0,0.1485615614689648,6.078744912013443e-07,TAF7L;GTF2A1L;GTF2H3;TAF2
KEGG_2021_Human,Aminoacyl-tRNA biosynthesis,3/66,0.999996036304752,0.9999964758714786,0,0,0.0723705991055251,2.868555682674089e-07,EPRS1;DARS2;WARS1
KEGG_2021_Human,Nucleotide excision repair,1/47,0.9999964758714786,0.9999964758714786,0,0,0.0330771048192572,1.1656817390121109e-07,GTF2H3
